Last Updated till-,12-Aug-26,,,,,,,,Total Till date,,"8,69,094","1,71,523","3,34,680","1,06,518","35,440","49,063","17,905","18,773",0,"18,150","9,500","11,407","43,072","41,895","1,900","6,040","5,305","10,502","9,166","2,300","73,121","39,643","32,564",0,0,0,0,0,0,0,0,0,0,0,1,0,0,0,,48,4970,1019,0,,,,,31-Mar-26,,,,,"5,25,701","36,678"
Dispatch Date,BB,SB,SHIPMENT #,BOXES,,INVOICE #,PO Number,Brand,Warehouse,Ageing,TQty,CP,GGP,TP,GIN,GAR,MVS,TMS,TDK,KRJ,SAM,HB,CM,BM,GWR,PDKC,BPB,KM,PKM,XAC,TMP,TRS,MSB,NP1,NP2,NP3,NP4,NP5,NP6,NP7,NP8,NP9,NP10,NP11,NP12,NP13,NP14,NP15,Zone,Transporter,Shipment No.,Shipment Checker,DUPLICATE?,,Day,Month,Year ,Flag Date - DispatchSKU,Weight (KG),Status,Delivery Date,,GGGTP,SOUPS
10-Jan-26,0,9,H90304489885,9,,HIVPL/25-26/2900,P3186738,Zepto,NCR GUR,,450,0,,150,,,150,150,,,,,,,,,,,,,,,,,,,,,,,,,,,,,,,,Movin,,Not Matched ❌,,,10,1,2026,,72,,,,150,300
10-Jan-26,0,38,H90304489882,38,,HIVPL/25-26/2901,P3175922,Zepto,NCR JJR,,1900,1450,150,,150,150,,,,150,150,150,150,150,,200,200,150,150,,,,,,,,,,,,,,,,,,,,,Movin,,Not Matched ❌,,,10,1,2026,,304,,,,450,
10-Jan-26,0,1,H90304489884,1,,HIVPL/25-26/2902,P3193104,Zepto,NCR JJR,,50,50,,,,,,,,,50,,,,,,,,,,,,,,,,,,,,,,,,,,,,,Movin,,Not Matched ❌,,,10,1,2026,,8,,,,,
12-Jan-26,0,1,SR-94391823021960,1,,HIVPL/25-26/2905,P3184145,Zepto,Bnglr DRY,5,50,50,,,,,,,,,,,,50,,,,,,,,,,,,,,,,,,,,,,,,,,Shiprocket,,Not Matched ❌,,,12,1,2026,,8,,,,,
12-Jan-26,0,15,H90304491152,15,,HIVPL/25-26/2927,P3187900,Zepto,Mumbai SHK,5,750,450,50,50,50,50,50,50,,50,50,50,50,50,,50,50,50,50,,,,,,,,,,,,,,,,,,,,,Movin,,Not Matched ❌,,,12,1,2026,,120,,,,200,100
15-Jan-26,0,8,H90304496110,8,,HIVPL/25-26/2956,P3186305,Zepto,Chennai ZPT,8,400,0,,150,,,150,100,,,,,,,,,,,,,,,,,,,,,,,,,,,,,,,,Movin,,Not Matched ❌,,,15,1,2026,,64,,,,150,250
15-Jan-26,0,2,H90304496111,2,,HIVPL/25-26/2957,P3217209,Zepto,Chennai ZPT,5,100,0,,,,,50,50,,,,,,,,,,,,,,,,,,,,,,,,,,,,,,,,Movin,,Not Matched ❌,,,15,1,2026,,16,,,,,100
15-Jan-26,0,3,H90304496112,3,,HIVPL/25-26/2958,P3217214,Zepto,NCR GUR,,150,0,,,,,50,100,,,,,,,,,,,,,,,,,,,,,,,,,,,,,,,,Movin,,Not Matched ❌,,,15,1,2026,,24,,,,,150
15-Jan-26,0,10,H90304496113,10,,HIVPL/25-26/2959,P3205990,Zepto,NCR JJR,,500,0,,,,,,,,,,,,,,,,,,,200,150,150,,,,,,,,,,,,,,,,,Movin,,Not Matched ❌,,,15,1,2026,,80,,,,,
17-Jan-26,0,28,D90304475325,28,,HIVPL/25-26/2994,P3134258,Zepto,Bnglr DRY,15,1400,900,100,100,100,100,100,0,,100,100,100,100,100,,100,100,100,100,,,,,,,,,,,,,,,,,,,,,Movin,,Not Matched ❌,,,17,1,2026,,224,,,,400,100
17-Jan-26,0,4,H90304499206,4,,HIVPL/25-26/2995,P3256623,Zepto,NCR JJR,21-Jan,200,100,,,,,100,,,,,,,,,,50,50,,,,,,,,,,,,,,,,,,,,,,Movin,,Not Matched ❌,,,17,1,2026,,32,,,,,100
17-Jan-26,0,7,H90304499207,7,,HIVPL/25-26/2996,P3256317,Zepto,NCR JJR,21-Jan,350,250,50,50,,,,,,50,,50,50,50,,,,,50,,,,,,,,,,,,,,,,,,,,,Movin,,Not Matched ❌,,,17,1,2026,,56,,,,100,
20-Jan-26,0,2,H90304503093,2,,HIVPL/25-26/3054,P3272242,Zepto,Mumbai SHK,3,100,0,,,,,,,,,,,,,,,,,,,,50,50,,,,,,,,,,,,,,,,,Movin,,Not Matched ❌,,,20,1,2026,,16,,,,,
21-Jan-26,0,6,H90304505147,6,,HIVPL/25-26/3073,P3253665,Zepto,Bnglr DRY,7,300,0,,,,,,,,,,,,,,,,,,,100,100,100,,,,,,,,,,,,,,,,,Movin,,Not Matched ❌,,,21,1,2026,,48,,,,,
21-Jan-26,0,2,H90304505148,2,,HIVPL/25-26/3074,P3259718,Zepto,NCR GUR,24-Jan,100,0,,100,,,,,,,,,,,,,,,,,,,,,,,,,,,,,,,,,,,,Movin,,Not Matched ❌,,,21,1,2026,,16,,,,100,
22-Jan-26,0,1,H90304507343,1,,HIVPL/25-26/3094,P3252761,Zepto,Mumbai SHK,8,50,0,,,,,,,,,,,,,,,,,,,50,,,,,,,,,,,,,,,,,,,Movin,,Not Matched ❌,,,22,1,2026,,8,,,,,
23-Jan-26,0,5,H90304509187,5,,HIVPL/25-26/3116,P3325268,Zepto,Chennai ZPT,2,250,150,50,,,50,,,,,,,50,50,,,,,50,,,,0,,,,,,,,,,,,,,,,,Movin,,Not Matched ❌,,,23,1,2026,,40,,,,100,
23-Jan-26,0,24,H90304509190,24,,HIVPL/25-26/3015,P3138922,Zepto,Mumbai SHK,21,1200,900,100,100,0,0,100,0,,100,100,100,100,100,,100,100,100,100,,,,,,,,,,,,,,,,,,,,,Movin,,Not Matched ❌,,,23,1,2026,,192,,,,200,100
24-Jan-26,0,6,H90304511215,6,,HIVPL/25-26/3117,P3208767,Zepto,Mumbai SHK,14,300,0,,,,,,,,,,,,,,,,,,,100,100,100,,,,,,,,,,,,,,,,,Movin,,Not Matched ❌,,,24,1,2026,,48,,,,,
27-Jan-26,0,8,H90304513079,8,,HIVPL/25-26/3141,P3253761,Zepto,Chennai ZPT,13,400,0,,,100,,,,,,,,,,,,,,,,100,100,100,,,,,,,,,,,,,,,,,Movin,,Not Matched ❌,,,27,1,2026,,64,,,,100,
03-Feb-26,0,8,H90304525585,8,,HIVPL/25-26/3223,P3400090,Zepto,Bnglr DRY,5,400,200,50,,50,50,,,,50,,50,,,,50,50,,,,50,,,,,,,,,,,,,,,,,,,Movin,,Not Matched ❌,,,3,2,2026,,64,,,,150,
05-Feb-26,0,5,H90304529678,5,,HIVPL/25-26/3245,P3463368,Zepto,Bnglr DRY,1,250,100,150,,,,,,,,,,50,,,,,50,,,,,,,,,,,,,,,,,,,,,,Movin,,Not Matched ❌,,,5,2,2026,,40,,,,150,
05-Feb-26,0,8,H90304529679,8,,HIVPL/25-26/3246,P3280940,Zepto,Chennai ZPT,19,400,300,,,50,,,,,50,50,50,,,,50,50,50,,,50,,,,,,,,,,,,,,,,,,,Movin,,Not Matched ❌,,,5,2,2026,,64,,,,50,
07-Feb-26,0,8,H90304533952,8,,HIVPL/25-26/3278,P3277749,Zepto,NCR JJR,12-Feb,400,150,,,50,50,,,,50,,,50,,,50,,,,,50,50,50,,,,,,,,,,,,,,,,,Movin,,Not Matched ❌,,,7,2,2026,,64,,,,100,
07-Feb-26,0,5,H90304533953,5,,HIVPL/25-26/3279,P3365169,Zepto,NCR JJR,12-Feb,250,0,,,,,,,,,,,,,,,,,,,,150,100,,,,,,,,,,,,,,,,,Movin,,Not Matched ❌,,,7,2,2026,,40,,,,,
07-Feb-26,0,13,H90304533954,13,,HIVPL/25-26/3280,P3421771,Zepto,NCR JJR,12-Feb,650,350,100,,50,50,,,,,50,50,,50,,50,50,50,50,,50,,50,,,,,,,,,,,,,,,,,Movin,,Not Matched ❌,,,7,2,2026,,104,,,,200,
11-Feb-26,0,8,H90304540540,8,,HIVPL/25-26/3333,P3462182,Zepto,NCR JJR,14-Feb,400,0,150,,,100,,,,,,,,,,,,,,,150,,,,,,,,,,,,,,,,,,,Movin,,Not Matched ❌,,,11,2,2026,,64,,,,250,
19-Feb-26,0,6,H90304555809,6,,HIVPL/25-26/3436,P3575826,Zepto,Bnglr DRY,5,300,50,,100,,,50,100,,,,,,,,,,,50,,,,,,,,,,,,,,,,,,,,,Movin,,Not Matched ❌,,,19,2,2026,,48,,,,100,150
19-Feb-26,0,9,D90304539914,9,,HIVPL/25-26/3437,P3548854,Zepto,Chennai ZPT,8,450,0,,250,,,150,50,,,,,,,,,,,,,,,,,,,,,,,,,,,,,,,,Movin,,Not Matched ❌,,,19,2,2026,,72,,,,250,200
19-Feb-26,0,73,D90304539915,73,,HIVPL/25-26/3438,P3625862,Zepto,Chennai ZPT,1,3650,2150,250,,250,250,,,,200,250,250,250,250,,200,250,250,250,,250,250,250,,,,,,,,,,,,,,,,,Movin,,Not Matched ❌,,,19,2,2026,,584,,,,750,
19-Feb-26,0,8,H90304555812,8,,HIVPL/25-26/3439,P3575905,Zepto,Mumbai SHK,5,400,0,,,150,100,,150,,,,,,,,,,,,,,,,,,,,,,,,,,,,,,,,Movin,,Not Matched ❌,,,19,2,2026,,64,,,,250,150
19-Feb-26,0,8,H90304555813,8,,HIVPL/25-26/3440,P3629931,Zepto,Mumbai SHK,0,400,0,50,150,,,,150,,,,,,,,,,,,,50,,,,,,,,,,,,,,,,,,,Movin,,Not Matched ❌,,,19,2,2026,,64,,,,200,150
20-Feb-26,0,44,H90304557723,44,,HIVPL/25-26/3447,P3625846,Zepto,NCR FBD,23-Feb,2190,1690,250,,,,,,,250,250,140,250,250,,150,150,250,0,,250,,,,,,,,,,,,,,,,,,,Movin,,Not Matched ❌,,,20,2,2026,,352,,,,250,
20-Feb-26,0,7,H90304557725,7,,HIVPL/25-26/3448,P3512973,Zepto,NCR JJR,23-Feb,350,100,50,,50,50,,,,,50,,50,,,,,,,,100,,,,,,,,,,,,,,,,,,,Movin,,Not Matched ❌,,,20,2,2026,,56,,,,150,
20-Feb-26,0,8,H90304557726,8,,HIVPL/25-26/3450,P3570013,Zepto,NCR JJR,23-Feb,400,50,50,,50,50,100,100,,,,50,,,,,,,,,,,,,,,,,,,,,,,,,,,,Movin,,Not Matched ❌,,,20,2,2026,,64,,,,150,200
21-Feb-26,0,42,H90304559785,42,,HIVPL/25-26/3459,P3625854,Zepto,NCR JJR,23-Feb,2090,940,250,,250,250,,,,100,100,100,150,100,,90,100,100,100,,100,250,50,,,,,,,,,,,,,,,,,Movin,,Not Matched ❌,,,21,2,2026,,336,,,,750,
21-Feb-26,0,28,Porter,28,,HIVPL/25-26/3460,P3625838,Zepto,NCR GUR,22-Feb,1400,1050,250,,,,,,,100,150,100,150,100,,100,150,100,100,,100,,,,,,,,,,,,,,,,,,,Owned Vehicle,,Not Matched ❌,,,21,2,2026,,224,,,,250,
24-Feb-26,0,12,H90304564076,12,,HIVPL/25-26/3504,P3667205,Zepto,BLR-SS-MH-SUMADHURA,1,600,0,150,50,100,150,,,,,,,,,,,,,,,100,50,,,,,,,,,,,,,,,,,OOS,Movin,,Not Matched ❌,,,24,2,2026,,96,,,,450,
24-Feb-26,0,5,H90304564077,5,,HIVPL/25-26/3505,P3667556,Zepto,MUM-SS-MH-SHAKTI,1,250,150,100,,,,,,,50,,,50,50,,,,,,,,,,,,,,,,,,,,,,,,,OOS,Movin,,Not Matched ❌,,,24,2,2026,,40,,,,100,
26-Feb-26,0,9,H90304569244,9,,HIVPL/25-26/3539,P3682867,Zepto,BLR-SS-MH-SUMADHURA,1,450,100,100,,50,50,,,,,,50,,50,,,,,,,150,,,,,,,,,,,,,,,,,,OOS,Movin,,Not Matched ❌,,,26,2,2026,,72,,,,200,
02-Mar-26,0,58,D90304570133,58,,HIVPL/25-26/3580,P3677194,Zepto,BLR-SS-MH-SUMADHURA,5,2900,2300,200,,200,200,,,,200,200,200,200,200,,100,200,200,200,,200,200,200,,,,,,,,,,,,,,,,OOS,Movin,,Not Matched ❌,,,2,3,2026,,464,,,,600,
10-Mar-26,0,17,H90304589002,17,,HIVPL/25-26/3695,P3781063,Zepto,JJR-DRY-MH-LUHARI,13-Mar,850,500,200,,,50,,,,100,,,100,50,,50,50,50,100,,50,,50,,,,,,,,,,,,,,,,NCR,Movin,,Not Matched ❌,,,10,3,2026,,136,,,,250,
11-Mar-26,0,20,H90304591247,20,,HIVPL/25-26/3704,P3759134,Zepto,JJR-DRY-MH-LUHARI,13-Mar,1000,150,100,,,,100,100,,,,,,100,,50,,,,,400,150,,,,,,,,,,,,,,,,,NCR,Movin,,Not Matched ❌,,,11,3,2026,,160,,,,100,200
11-Mar-26,0,16,H90304591248,16,,HIVPL/25-26/3705,P3736319,Zepto,MUM-SS-MH-SHAKTI,9,800,350,150,100,,,150,,,,,50,100,100,,,50,,50,,50,,,,,,,,,,,,,,,,,,OOS,Movin,,Not Matched ❌,,,11,3,2026,,128,,,,250,150
12-Mar-26,0,11,H90304593760,11,,HIVPL/25-26/3723,P3817559,Zepto,JJR-DRY-MH-LUHARI,18-Mar,550,50,50,,100,100,,,,,,50,,,,,,,,,150,,100,,,,,,,,,,,,,,,,NCR,Movin,,Not Matched ❌,,,12,3,2026,,88,,,,250,
14-Mar-26,0,7,H90304598025,7,,HIVPL/25-26/3753,P3808792,Zepto,CHN-DRY-MH2-THIRUVALLUR,3,350,0,200,,,150,,,,,,,,,,,,,,,,0,,,,,,,,,,,,,,,,,OOS,Movin,,Not Matched ❌,,,14,3,2026,,56,,,,350,
16-Mar-26,0,9,H90304599769,9,,HIVPL/25-26/3781,P3832097,Zepto,CHN-SS-MH-THIRUVALLUR,2,450,0,,200,,,150,100,,,,,,,,,,,,,,,,,,,,,,,,,,,,,,,OOS,Movin,,Not Matched ❌,,,16,3,2026,,72,,,,200,250
16-Mar-26,0,10,H90304599772,10,,HIVPL/25-26/3782,P3797531,Zepto,MUM-SS-MH-SHAKTI,6,500,300,50,,,50,,,,50,50,,50,50,,50,,,50,,100,0,,,,,,,,,,,,,,,,,OOS,Movin,,Not Matched ❌,,,16,3,2026,,80,,,,100,
16-Mar-26,0,4,H90304599773,4,,HIVPL/25-26/3783,P3834058,Zepto,MUM-SS-MH-SHAKTI,2,200,50,50,,50,50,,,,,,,,,,,,50,,,,0,,,,,,,,,,,,,,,,,OOS,Movin,,Not Matched ❌,,,16,3,2026,,32,,,,150,
25-Mar-26,0,13,H90304617088,13,,HIVPL/25-26/3917,P3907629,Zepto,MUM-SS-MH-SHAKTI,2,650,250,150,150,50,,,0,,50,,50,50,50,,,50,,,,50,,,,,,,,,,,,,,,,,,OOS,Movin,,Not Matched ❌,,,25,3,2026,,104,,,,350,
26-Mar-26,0,7,H90304619534,7,,HIVPL/25-26/3932,P3922734,Zepto,JJR-DRY-MH-LUHARI,30-Mar,350,100,,,100,100,,,,,,,,,,50,,,50,,,,50,,,,,,,,,,,,,,,,NCR,Movin,,Not Matched ❌,,,26,3,2026,,56,,,,200,
30-Mar-26,0,25,H90304626296,25,,HIVPL/25-26/3959,P3965036,Zepto,MUM-SS-MH-SHAKTI,0,1250,300,200,200,50,50,50,150,,50,50,100,,,,50,,,50,,100,100,50,,,,,,,,,,,,,,,,OOS,Movin,,Not Matched ❌,,,30,3,2026,,200,,,,500,200
01-Apr-26,0,7,H90304630716,7,,HIVPL/26-27/8,P3981661,Zepto,CHN-DRY-MH2-THIRUVALLUR,0,350,100,,,100,,,,,,,,50,50,,,,,,,100,50,,,,,,,,,,,,,,,,,OOS,Movin,H90304630716,Matched ✅,,,1,4,2026,NA,56,CHN-DRY-MH2-THIRUVALLUR,,,100,
02-Apr-26,0,6,H90304632365,6,,HIVPL/26-27/26,P3989170,Zepto,CHN-DRY-MH2-THIRUVALLUR,1,300,0,50,,50,100,,,,,,,,,,,,,,,50,50,,,,,,,,,,,,,,,,,OOS,Movin,H90304632365,Matched ✅,,,2,4,2026,NA,48,CHN-DRY-MH2-THIRUVALLUR,,,200,
04-Apr-26,0,20,H90304636734,20,,HIVPL/26-27/59,P3979983,Zepto,JJR-DRY-MH-LUHARI,,1000,400,150,,,100,100,100,,,,50,150,50,,,50,50,50,,100,,50,,,,,,,,,,,,,,,,NCR,Movin,H90304636734,Matched ✅,,,4,4,2026,NA,160,JJR-DRY-MH-LUHARI,,,250,200
04-Apr-26,0,13,H90304636735,13,,HIVPL/26-27/60,P3988624,Zepto,JJR-DRY-MH-LUHARI,,650,0,150,,100,,100,100,,,,,,,,,,,,,150,50,,,,,,,,,,,,,,,,,NCR,Movin,H90304636735,Matched ✅,,,4,4,2026,NA,104,JJR-DRY-MH-LUHARI,,,250,200
09-Apr-26,0,12,H90304643912,12,,HIVPL/26-27/161,P4043304,Zepto,BLR-SS-MH-SUMADHURA,1,600,0,250,50,50,150,100,,,,,,,,,,,,,,,,,,,,,,,,,,,,,,,,OOS,Movin,H90304643912,Matched ✅,,,9,4,2026,NA,96,BLR-SS-MH-SUMADHURA,,,500,100
09-Apr-26,0,15,H90304643913,15,,HIVPL/26-27/162,P4043413,Zepto,MUM-SS-MH-SHAKTI,1,750,200,250,,50,150,100,,,,,,100,50,,,,50,,,,,,,,,,,,,,,,,,,,,OOS,Movin,H90304643913,Matched ✅,,,9,4,2026,NA,120,MUM-SS-MH-SHAKTI,,,450,100
11-Apr-26,0,12,H90304648245,12,,HIVPL/26-27/198,P4037134,Zepto,CHN-DRY-MH2-THIRUVALLUR,3,600,50,250,,50,200,,,,,,50,,,,,,,,,50,,,,,,,,,,,,,,,,,,OOS,Movin,H90304648245,Matched ✅,,,11,4,2026,NA,96,CHN-DRY-MH2-THIRUVALLUR,,,500,
14-Apr-26,0,31,H90304651906,31,,HIVPL/26-27/229,P4041284,Zepto,JJR-DRY-MH-LUHARI,16-Apr,1550,300,250,,150,200,200,150,,50,50,50,,50,,50,,,50,,100,50,150,,,,,,,,,,,,,,,,NCR,Movin,H90304651906,Matched ✅,,,14,4,2026,NA,248,JJR-DRY-MH-LUHARI,,,600,350
15-Apr-26,0,3,H90304654086,3,,HIVPL/26-27/261,P4099553,Zepto,CHN-DRY-MH2-THIRUVALLUR,0,150,100,,,50,,,,,,,50,50,,,,,,,,,,,,,,,,,,,,,,,,,,OOS,Movin,H90304654086,Matched ✅,,,15,4,2026,NA,24,CHN-DRY-MH2-THIRUVALLUR,,,50,
15-Apr-26,0,19,H90304654089,19,,HIVPL/26-27/262,P4088465,Zepto,MUM-SS-MH-SHAKTI,2,950,300,300,50,100,50,50,0,,50,50,50,100,50,,,,,,,50,,50,,,,,,,,,,,,,,,,OOS,Movin,H90304654089,Matched ✅,,,15,4,2026,NA,152,MUM-SS-MH-SHAKTI,,,500,50
16-Apr-26,0,11,H90304656587,11,,HIVPL/26-27/279,P4104741,Zepto,BLR-DRY-MH-Sumadhura2,1,550,50,100,,,50,,50,,,,,50,,,,,,,,100,100,100,,,,,,,,,,,,,,,,OOS,Movin,H90304656587,Matched ✅,,,16,4,2026,NA,88,BLR-DRY-MH-Sumadhura2,,,150,50
16-Apr-26,0,18,H90304656588,18,,HIVPL/26-27/280,P4088434,Zepto,BLR-SS-MH-SUMADHURA,3,900,0,300,100,200,200,,50,,,,,,,,,,,,,,50,,,,,,,,,,,,,,,,,OOS,Movin,H90304656588,Matched ✅,,,16,4,2026,NA,144,BLR-SS-MH-SUMADHURA,,,800,50
16-Apr-26,0,12,H90304656589,12,,HIVPL/26-27/281,P4087062,Zepto,BLR-SS-MH-SUMADHURA,3,600,0,,300,,,200,100,,,,,,,,,,,,,,,,,,,,,,,,,,,,,,,OOS,Movin,H90304656589,Matched ✅,,,16,4,2026,NA,96,CHN-SS-MH-THIRUVALLUR,,,300,300
16-Apr-26,0,6,H90304656590,6,,HIVPL/26-27/282,P4102085,Zepto,MUM-DRY-MH-SHAKTI,1,300,100,50,50,50,,,50,,,,,,,,,50,50,,,,,,,,,,,,,,,,,,,,,OOS,Movin,H90304739355,Not Matched ❌,,,16,4,2026,NA,48,MUM-DRY-MH-SHAKTI,,,150,50
20-Apr-26,0,28,H90304663613,28,,HIVPL/26-27/334,P4100422,Zepto,JJR-DRY-MH-LUHARI,23-Apr,1400,250,100,,100,150,,,,,,50,50,50,,,,50,50,,200,350,250,,,,,,,,,,,,,,,,NCR,Movin,H90304663613,Matched ✅,,,20,4,2026,NA,224,JJR-DRY-MH-LUHARI,,,350,
22-Apr-26,0,2,H90304667598,2,,HIVPL/26-27/359,P4159964,Zepto,BLR-DRY-MH-Sumadhura2,0,100,50,,,50,,,,,,,,50,,,,,,,,,,,,,,,,,,,,,,,,,,OOS,Movin,H90304667598,Matched ✅,,,22,4,2026,NA,16,BLR-DRY-MH-Sumadhura2,,,50,
22-Apr-26,0,6,H90304667599,6,,HIVPL/26-27/360,P4163051,Zepto,CHN-DRY-MH2-THIRUVALLUR,0,300,100,,,100,100,,,,,,,50,50,,,,,,,,,,,,,,,,,,,,,,,,,OOS,Movin,H90304667599,Matched ✅,,,22,4,2026,NA,48,CHN-DRY-MH2-THIRUVALLUR,,,200,
23-Apr-26,0,20,H90304739356,20,,HIVPL/26-27/379,P4162469,Zepto,MUM-DRY-MH-SHAKTI,1,1000,400,,100,,,,,,50,,50,50,100,,50,,,100,,50,200,250,,,,,,,,,,,,,,,,OOS,Movin,H90304739356,Matched ✅,,,23,4,2026,NA,160,MUM-DRY-MH-SHAKTI,,,100,
28-Apr-26,0,5,H90304678911,5,,HIVPL/26-27/451,P4161895,Zepto,FBD-DRY-MH,30-Apr,250,0,,,,,,,,,,,,,,,,,,,150,,100,,,,,,,,,,,,,,,,NCR,Movin,H90304678911,Matched ✅,,,28,4,2026,NA,40,FBD-DRY-MH,,,,
30-Apr-26,0,9,H90304683977,9,,HIVPL/26-27/476,P4217284,Zepto,BLR-DRY-MH-Sumadhura2,1,450,150,,,,,,,,,,,50,100,,,,,,,200,100,,,,,,,,,,,,,,,,,OOS,Movin,H90304683977,Matched ✅,,,30,4,2026,NA,72,BLR-DRY-MH-Sumadhura2,,,,
30-Apr-26,0,22,H90304683978,22,,HIVPL/26-27/477,P4165194,Zepto,JJR-DRY-MH-LUHARI,04-May,1100,200,200,,50,200,100,100,,,,50,100,50,,,,,,,200,,50,,,,,,,,,,,,,,,,NCR,Movin,H90304683978,Matched ✅,,,30,4,2026,NA,176,JJR-DRY-MH-LUHARI,,,450,200
01-May-26,0,7,H90304686356,7,,HIVPL/26-27/495,P4218454,Zepto,CHN-DRY-MH2-THIRUVALLUR,2,350,0,,,150,50,,,,,,,,,,,,,,,150,,,,,,,,,,,,,,,,,,OOS,Movin,H90304686356,Matched ✅,,,1,5,2026,NA,56,CHN-DRY-MH2-THIRUVALLUR,,,200,
04-May-26,0,17,H90304689358,17,,HIVPL/26-27/521,P4219189,Zepto,JJR-DRY-MH-LUHARI,07-May,850,350,100,200,50,50,100,,,,,,,100,,50,50,50,100,,,,,,,,,,,,,,,,,,,,NCR,Movin,H90304689358,Matched ✅,,,4,5,2026,NA,136,JJR-DRY-MH-LUHARI,,,400,100
05-May-26,0,5,H90304691541,5,,HIVPL/26-27/533,P4218810,Zepto,FBD-DRY-MH,07-May,250,0,100,,,,,,,,,,,,,,,,,,150,,,,,,,,,,,,,,,,,,NCR,Movin,H90304691541,Matched ✅,,,5,5,2026,NA,40,FBD-DRY-MH,,,100,
06-May-26,0,6,H90304693572,6,,HIVPL/26-27/557,P4274587,Zepto,BLR-DRY-MH-Sumadhura2,0,300,0,,50,100,100,,,,,,,,,,,,,,,,,50,,,,,,,,,,,,,,,,OOS,Movin,H90304693572,Matched ✅,,,6,5,2026,NA,48,BLR-DRY-MH-Sumadhura2,,,250,
06-May-26,0,2,H90304693574,2,,HIVPL/26-27/558,P4275896,Zepto,CHN-DRY-MH2-THIRUVALLUR,0,100,50,,,,50,,,,,,,,,,,,,50,,,,,,,,,,,,,,,,,,,,OOS,Movin,H90304693574,Matched ✅,,,6,5,2026,NA,16,CHN-DRY-MH2-THIRUVALLUR,,,50,
06-May-26,0,17,H90304693575,17,,HIVPL/26-27/559,P4277610,Zepto,MUM-DRY-MH-SHAKTI,0,850,450,150,,,150,,,,100,100,,50,100,,50,50,,,,100,,,,,,,,,,,,,,,,,,OOS,Movin,H90304739357,Not Matched ❌,,,6,5,2026,NA,136,MUM-DRY-MH-SHAKTI,,,300,
11-May-26,0,2,H90304703234,2,,HIVPL/26-27/620,P4273769,Zepto,FBD-DRY-MH,15-May,100,0,,,,,,,,,,,,,,,,,,,,100,,,,,,,,,,,,,,,,,NCR,Movin,H90304703234,Matched ✅,,,11,5,2026,NA,16,FBD-DRY-MH,,,,
11-May-26,0,15,H90304703235,15,,HIVPL/26-27/621,P4277387,Zepto,JJR-DRY-MH-LUHARI,15-May,750,50,50,,,100,,,,,50,,,,,,,,,,450,50,50,,,,,,,,,,,,,,,,NCR,Movin,H90304703235,Matched ✅,,,11,5,2026,NA,120,JJR-DRY-MH-LUHARI,,,150,
14-May-26,0,9,H90304710176,11,,HIVPL/26-27/643,P4337763,Zepto,BLR-DRY-MH-Sumadhura2,1,650,200,50,,200,200,0,,,,,,100,50,,,,,50,,,,,,,,,,,,,,,,,,,,OOS,Movin,H90304710176,Matched ✅,,,14,5,2026,NA,88,BLR-DRY-MH-Sumadhura2,,,450,
16-May-26,0,10,H90304715407,10,,HIVPL/26-27/694,P4336786,Zepto,CHN-DRY-MH2-THIRUVALLUR,3,500,150,100,,50,150,,,,50,,,50,50,,,,,,,,50,,,,,,,,,,,,,,,,,OOS,Movin,H90304715407,Matched ✅,,,16,5,2026,NA,80,CHN-DRY-MH2-THIRUVALLUR,,,300,
16-May-26,0,13,H90304715410,13,,HIVPL/26-27/695,P4336639,Zepto,MUM-DRY-MH-SHAKTI,3,650,200,,100,50,,0,,,,,50,50,,,,,50,50,,150,150,,,,,,,,,,,,,,,,,OOS,Movin,H90304739359,Not Matched ❌,,,16,5,2026,NA,104,MUM-DRY-MH-SHAKTI,,,150,
18-May-26,0,2,H90304718025,2,,HIVPL/26-27/724,P4336154,Zepto,FBD-DRY-MH,21-May,100,0,50,,,,,,,,,,,,,,,,,,,,50,,,,,,,,,,,,,,,,NCR,Movin,H90304718025,Matched ✅,,,18,5,2026,NA,16,FBD-DRY-MH,,,50,
18-May-26,0,14,H90304718027,14,,HIVPL/26-27/725,P4338984,Zepto,JJR-DRY-MH-LUHARI,21-May,700,250,150,,150,100,,0,,,50,50,50,50,,,,,50,,,,50,,,,,,,,,,,,,,,,NCR,Movin,H90304718027,Matched ✅,,,18,5,2026,NA,112,JJR-DRY-MH-LUHARI,,,400,
19-May-26,0,4,SR-20904218225836,4,,HIVPL/26-27/744,P4388741,Zepto,HYD-MH 3,1,200,0,50,,,,,,,,,,,,,,,,,,50,50,50,,,,,,,,,,,,,,,,OOS,Shiprocket,SR-20904218225836,Matched ✅,,,19,5,2026,NA,32,HYD-MH 3,,,50,
20-May-26,0,4,H90304722292,4,,HIVPL/26-27/753,P4400720,Zepto,Bnglr MYLP,1,200,0,50,,,,,,,,,,,,,,,,,,50,50,50,,,,,,,,,,,,,,,,,Movin,H90304722292,Matched ✅,,,20,5,2026,NA,32,BLR-MYLAPURA MH,,,50,
20-May-26,0,3,H90304722293,3,,HIVPL/26-27/754,P4398464,Zepto,MUM-DRY-MH3,1,150,0,,,,,,,,,,,,,,,,,,,50,50,50,,,,,,,,,,,,,,,,OOS,Movin,H90304722293,Matched ✅,,,20,5,2026,NA,24,MUM-DRY-MH3,,,,
20-May-26,0,4,SR-20904218243001,4,,HIVPL/26-27/755,P4402370,Zepto,HYD-MH 3,1,200,0,50,,,,,,,,,,,,,,,,,,50,50,50,,,,,,,,,,,,,,,,OOS,Shiprocket,SR-20904218243001,Matched ✅,,,20,5,2026,NA,32,HYD-MH 3,,,50,
21-May-26,0,3,H90304724850,3,,HIVPL/26-27/760,P4401939,Zepto,BLR-Nelamangala-DRYMH,2,150,0,,,,,,,,,,,,,,,,,,,50,50,50,,,,,,,,,,,,,,,,OOS,Movin,H90304724850,Matched ✅,,,21,5,2026,NA,24,BLR-Nelamangala-DRYMH,,,,
22-May-26,0,4,H90304727477,4,,HIVPL/26-27/773,P4388369,Zepto,FBD-DRY-MH,25-May,200,0,100,,,,,,,,,,,,,,,,,,100,,,,,,,,,,,,,,,,,,NCR,Movin,H90304727477,Matched ✅,,,22,5,2026,NA,32,FBD-DRY-MH,,,100,
23-May-26,0,2,H90304730067,2,,HIVPL/26-27/797,P4401879,Zepto,FBD-DRY-MH,27-May,100,50,50,,,,,,,,,,,,,,,,,,50,,,,,,,,,,,,,,,,,,NCR,Movin,H90304730067,Matched ✅,,,23,5,2026,NA,16,FBD-DRY-MH,,,50,
23-May-26,0,4,H90304730069,4,,HIVPL/26-27/798,P4388757,Zepto,GUR-DRY-MH-FARUKHNAGAR,26-May,200,150,50,,,,,,,,,,,,,,,,,,50,50,50,,,,,,,,,,,,,,,,NCR,Movin,H90304730069,Matched ✅,,,23,5,2026,NA,32,GUR-DRY-MH-FARUKHNAGAR,,,50,
23-May-26,0,8,H90304730070,8,,HIVPL/26-27/799,P4388110,Zepto,HYD-DRY-MH2-KANDLAKOYA,5,400,300,100,,,,,,,,,,,,,,,,,,100,100,100,,,,,,,,,,,,,,,,OOS,Movin,H90304730070,Matched ✅,,,23,5,2026,NA,64,HYD-DRY-MH2-KANDLAKOYA,,,100,
26-May-26,0,8,H90304735603,8,,HIVPL/26-27/820,P4399702,Zepto,BLR-DRY-MH-Sumadhura2,7,400,50,,100,50,150,50,0,,,,,,,,,,,50,,,,,,,,,,,,,,,,,,,,OOS,Movin,H90304735603,Matched ✅,,,26,5,2026,NA,64,BLR-DRY-MH-Sumadhura2,,,300,50
27-May-26,0,3,H90304738000,3,,HIVPL/26-27/837,P4471219,Zepto,CHN-DRY-MH2-THIRUVALLUR,0,150,50,,50,,,,,,,,50,,,,,,,,,50,,,,,,,,,,,,,,,,,,OOS,Movin,H90304738000,Matched ✅,,,27,5,2026,NA,24,CHN-DRY-MH2-THIRUVALLUR,,,50,
27-May-26,0,3,H90304738001,3,,HIVPL/26-27/838,P4406041,Zepto,FBD-DRY-MH,29-May,150,0,50,,,,,,,,,,,,,,,,,,100,,,,,,,,,,,,,,,,,,NCR,Movin,H90304738001,Matched ✅,,,27,5,2026,NA,24,FBD-DRY-MH,,,50,
27-May-26,0,16,H90304738002,16,,HIVPL/26-27/839,P4399778,Zepto,JJR-DRY-MH-LUHARI,28-May,800,250,150,50,0,100,100,100,,,,50,50,,,50,50,,50,,50,0,,,,,,,,,,,,,,,,,NCR,Movin,H90304738002,Matched ✅,,,27,5,2026,NA,128,JJR-DRY-MH-LUHARI,,,300,200
27-May-26,0,9,H90304738004,9,,HIVPL/26-27/840,P4408721,Zepto,JJR-DRY-MH-LUHARI,29-May,450,50,100,,,100,,,,50,,,,,,,,,,,200,,,,,,,,,,,,,,,,,,NCR,Movin,H90304738004,Matched ✅,,,27,5,2026,NA,72,JJR-DRY-MH-LUHARI,,,200,
28-May-26,0,7,H90304740531,7,,HIVPL/26-27/861,P4471554,Zepto,BLR-DRY-MH-Sumadhura2,1,350,200,50,,,,,,,50,,,50,100,,,,,,,50,50,,,,,,,,,,,,,,,,,OOS,Movin,H90304740531,Matched ✅,,,28,5,2026,NA,56,BLR-DRY-MH-Sumadhura2,,,50,
29-May-26,0,4,H90304742796,4,,HIVPL/26-27/879,P4408346,Zepto,BLR-DRY-MH-Sumadhura2,9,200,50,,,0,50,,,,,,,50,,,,,,,,50,50,,,,,,,,,,,,,,,,,OOS,Movin,H90304742796,Matched ✅,,,29,5,2026,NA,32,BLR-DRY-MH-Sumadhura2,,,50,
29-May-26,0,4,H90304742797,4,,HIVPL/26-27/880,P4402320,Zepto,CHN-DRY-MH2-THIRUVALLUR,10,200,100,100,,0,0,,,,,,50,50,,,,,,,,,,,,,,,,,,,,,,,,,,OOS,Movin,H90304742797,Matched ✅,,,29,5,2026,NA,32,CHN-DRY-MH2-THIRUVALLUR,,,100,
29-May-26,0,3,H90304742798,3,,HIVPL/26-27/881,P4408070,Zepto,CHN-DRY-MH2-THIRUVALLUR,9,150,0,50,50,0,50,,,,,,,,,,,,,,,,,,,,,,,,,,,,,,,,,OOS,Movin,H90304742798,Matched ✅,,,29,5,2026,NA,24,CHN-DRY-MH2-THIRUVALLUR,,,150,
30-May-26,0,4,H90304745040,4,,HIVPL/26-27/899,P4494934,Zepto,BLR-DRY-MH-Sumadhura2,1,200,100,100,,,,0,,,,,50,,,,50,,,,,0,,,,,,,,,,,,,,,,,,OOS,Movin,H90304745040,Matched ✅,,,30,5,2026,NA,32,BLR-DRY-MH-Sumadhura2,,,100,
30-May-26,0,4,H90304745041,4,,HIVPL/26-27/900,P4472822,Zepto,Bnglr MYLP,3,200,0,100,,100,0,,,,,,,,,,,,,,,,,,,,,,,,,,,,,,,,,,Movin,H90304745041,Matched ✅,,,30,5,2026,NA,32,BLR-MYLAPURA MH,,,200,
30-May-26,0,1,H90304745042,1,,HIVPL/26-27/901,P4494639,Zepto,MUM-DRY-MH-SHAKTI,1,50,50,,,,,,,,,,,,50,,,,,,,,,,,,,,,,,,,,,,,,,OOS,Movin,H90304745042,Matched ✅,,,30,5,2026,NA,8,MUM-DRY-MH-SHAKTI,,,,
01-Jun-26,0,7,H90304747865,7,,HIVPL/26-27/909,P4508686,Zepto,CHN-DRY-MH2-THIRUVALLUR,2,350,100,,250,,,,,,,,,,,,,,,,,100,,,,,,,,,,,,,,,,,,OOS,Movin,H90304747865,Matched ✅,,,1,6,2026,NA,56,CHN-DRY-MH2-THIRUVALLUR,,,250,
01-Jun-26,0,3,H90304747866,3,,HIVPL/26-27/910,P4509441,Zepto,KTPL-KOL-DRY-MH NEW,2,150,100,50,,,,,,,,50,,,,,,50,,,,,,,,,,,,,,,,,,,,,,OOS,Movin,H90304747866,Matched ✅,,,1,6,2026,NA,24,KTPL-KOL-DRY-MH NEW,,,50,
01-Jun-26,0,2,H90304747867,2,,HIVPL/26-27/911,P4508157,Zepto,MUM-DRY-MH3,2,100,50,,50,,,,,,,,,50,,,,,,,,,,,,,,,,,,,,,,,,,,OOS,Movin,H90304747867,Matched ✅,,,1,6,2026,NA,16,MUM-DRY-MH3,,,50,
01-Jun-26,0,3,H90304747868,3,,HIVPL/26-27/912,P4509118,Zepto,MUM-DRY-MH-SHAKTI,2,150,100,,50,,,,,,,,,100,,,,,,,,,,,,,,,,,,,,,,,,,,OOS,Movin,H90304747868,Matched ✅,,,1,6,2026,NA,24,MUM-DRY-MH-SHAKTI,,,50,
02-Jun-26,0,9,H90304750283,9,,HIVPL/26-27/934,P4494176,Zepto,BLR-Nelamangala-DRYMH,4,450,0,,,300,100,,,,,,,,,,,,,,,,50,,,,,,,,,,,,,,,,,OOS,Movin,H90304750283,Matched ✅,,,2,6,2026,NA,72,BLR-Nelamangala-DRYMH,,,400,
02-Jun-26,0,5,H90304750258,5,,HIVPL/26-27/935,P4496039,Zepto,FBD-DRY-MH,04-Jun,250,0,50,,,,,,,,,,,,,,,,,,50,100,50,,,,,,,,,,,,,,,,NCR,Movin,H90304750258,Matched ✅,,,2,6,2026,NA,40,FBD-DRY-MH,,,50,
02-Jun-26,0,1,H90304750259,1,,HIVPL/26-27/936,P4509098,Zepto,FBD-DRY-MH,04-Jun,50,0,,,,50,,,,,,,,,,,,,,,,,,,,,,,,,,,,,,,,,NCR,Movin,H90304750259,Matched ✅,,,2,6,2026,NA,8,FBD-DRY-MH,,,50,
02-Jun-26,0,3,H90304750260,3,,HIVPL/26-27/937,P4494195,Zepto,GUR-DRY-MH-FARUKHNAGAR,04-Jun,150,0,50,,,,,,,,,,,,,,,,,,50,,50,,,,,,,,,,,,,,,,NCR,Movin,H90304750260,Matched ✅,,,2,6,2026,NA,24,GUR-DRY-MH-FARUKHNAGAR,,,50,
02-Jun-26,0,2,H90304750262,2,,HIVPL/26-27/938,P4509472,Zepto,GUR-DRY-MH-FARUKHNAGAR,04-Jun,100,0,,,,100,,,,,,,,,,,,,,,,,,,,,,,,,,,,,,,,,NCR,Movin,H90304750262,Matched ✅,,,2,6,2026,NA,16,GUR-DRY-MH-FARUKHNAGAR,,,100,
03-Jun-26,0,3,H90304752833,3,,HIVPL/26-27/962,P4537528,Zepto,CHN-DRY-MH2-THIRUVALLUR,0,150,100,,50,,,,,,,,,50,50,,,,,,,,,,,,,,,,,,,,,,,,,OOS,Movin,H90304752833,Matched ✅,,,3,6,2026,NA,24,CHN-DRY-MH2-THIRUVALLUR,,,50,
03-Jun-26,0,2,H90304752835,2,,HIVPL/26-27/963,P4468216,Zepto,FBD-DRY-MH,06-Jun,100,0,50,,,,,,,,,,,,,,,,,,0,,50,,,,,,,,,,,,,,,,NCR,Movin,H90304752835,Matched ✅,,,3,6,2026,NA,16,FBD-DRY-MH,,,50,
03-Jun-26,0,11,H90304752840,11,,HIVPL/26-27/964,P4494360,Zepto,JJR-DRY-MH-LUHARI,06-Jun,550,50,50,150,50,,100,0,,,50,,,,,,,,,,0,100,50,,,,,,,,,,,,,,,,NCR,Movin,H90304752840,Matched ✅,,,3,6,2026,NA,88,JJR-DRY-MH-LUHARI,,,250,100
04-Jun-26,0,3,H90304755382,3,,HIVPL/26-27/983,P4530041,Zepto,BLR-Nelamangala-DRYMH,2,150,0,50,,50,50,,,,,,,,,,,,,,,,,,,,,,,,,,,,,,,,,OOS,Movin,H90304755382,Matched ✅,,,4,6,2026,NA,24,BLR-Nelamangala-DRYMH,,,150,
04-Jun-26,0,2,H90304755383,2,,HIVPL/26-27/984,P4538790,Zepto,MUM-DRY-MH3,1,100,0,,,,,,,,,,,,,,,,,,,50,,50,,,,,,,,,,,,,,,,OOS,Movin,H90304755383,Matched ✅,,,4,6,2026,NA,16,MUM-DRY-MH3,,,,
04-Jun-26,0,7,H90304755384,7,,HIVPL/26-27/985,P4537923,Zepto,MUM-DRY-MH-SHAKTI,1,350,50,,,150,,100,,,,50,,,,,,,,,,,,50,,,,,,,,,,,,,,,,OOS,Movin,H90304755384,Matched ✅,,,4,6,2026,NA,56,MUM-DRY-MH-SHAKTI,,,150,100
08-Jun-26,0,2,H90304761981,2,,HIVPL/26-27/1025,P4553192,Zepto,GUR-DRY-MH-FARUKHNAGAR,11-Jun,100,0,50,,,,,,,,,,,,,,,,,,,50,,,,,,,,,,,,,,,,,NCR,Movin,H90304761981,Matched ✅,,,8,6,2026,NA,16,GUR-DRY-MH-FARUKHNAGAR,,,50,
09-Jun-26,0,4,H90304764320,4,,HIVPL/26-27/1046,P4536907,Zepto,FBD-DRY-MH,12-Jun,200,0,100,,,,,,,,,,,,,,,,,,100,,,,,,,,,,,,,,,,,,NCR,Movin,H90304764320,Matched ✅,,,9,6,2026,NA,32,FBD-DRY-MH,,,100,
09-Jun-26,0,18,H90304764321,18,,HIVPL/26-27/1047,P4472092,Zepto,JJR-DRY-MH-LUHARI,12-Jun,900,150,100,,250,250,,,,,,,50,100,,,,,,,100,,50,,,,,,,,,,,,,,,,NCR,Movin,H90304764321,Matched ✅,,,9,6,2026,NA,144,JJR-DRY-MH-LUHARI,,,600,
09-Jun-26,0,9,H90304764322,9,,HIVPL/26-27/1048,P4539164,Zepto,JJR-DRY-MH-LUHARI,12-Jun,450,150,100,,,,,,,,,50,50,,,,,,50,,100,50,50,,,,,,,,,,,,,,,,NCR,Movin,H90304764322,Matched ✅,,,9,6,2026,NA,72,JJR-DRY-MH-LUHARI,,,100,
09-Jun-26,0,2,H90304764324,2,,HIVPL/26-27/1049,P4551020,Zepto,MUM-DRY-MH-SHAKTI,5,100,0,,,,,,,,,,,,,,,,,,,,50,50,,,,,,,,,,,,,,,,OOS,Movin,H90304764324,Matched ✅,,,9,6,2026,NA,16,MUM-DRY-MH-SHAKTI,,,,
10-Jun-26,0,1,H90304766799,1,,HIVPL/26-27/1069,P4603023,Zepto,MUM-DRY-MH3,0,50,50,,,,,,,,,,,50,,,,,,,,,,,,,,,,,,,,,,,,,,OOS,Movin,H90304766799,Matched ✅,,,10,6,2026,NA,8,MUM-DRY-MH3,,,,
10-Jun-26,0,5,H90304766800,5,,HIVPL/26-27/1070,P4601678,Zepto,MUM-DRY-MH-SHAKTI,0,250,200,,50,,,,,,50,50,50,0,,,50,,,,,,,,,,,,,,,,,,,,,,,OOS,Movin,H90304766800,Matched ✅,,,10,6,2026,NA,40,MUM-DRY-MH-SHAKTI,,,50,
11-Jun-26,0,9,H90304769379,9,,HIVPL/26-27/1094,P4536370,Zepto,BLR-DRY-MH-Sumadhura2,8,450,100,200,50,,,,,,,,,50,,,,,,50,,,50,50,,,,,,,,,,,,,,,,OOS,Movin,H90304769379,Matched ✅,,,11,6,2026,NA,72,BLR-DRY-MH-Sumadhura2,,,250,
11-Jun-26,0,4,H90304769382,4,,HIVPL/26-27/1095,P4553839,Zepto,Bnglr MYLP,7,200,0,50,,,,,,,,,,,,,,,,,,100,50,,,,,,,,,,,,,,,,,,Movin,H90304769382,Matched ✅,,,11,6,2026,NA,32,BLR-MYLAPURA MH,,,50,
11-Jun-26,0,6,H90304769385,6,,HIVPL/26-27/1096,P4602822,Zepto,CHN-DRY-MH2-THIRUVALLUR,1,300,150,,,,,100,50,,,,50,50,50,,,,,,,,,,,,,,,,,,,,,,,,,OOS,Movin,H90304769385,Matched ✅,,,11,6,2026,NA,48,CHN-DRY-MH2-THIRUVALLUR,,,,150
12-Jun-26,0,2,H90304772108,2,,HIVPL/26-27/1106,P4609495,Zepto,Bnglr MYLP,2,100,0,50,,,50,,,,,,,,,,,,,,,,,,,,,,,,,,,,,,,,,,Movin,H90304772108,Matched ✅,,,12,6,2026,NA,16,BLR-MYLAPURA MH,,,100,
13-Jun-26,0,8,H90304774645,8,,HIVPL/26-27/1130,P4599651,Zepto,BLR-DRY-MH-Sumadhura2,3,400,150,,0,100,150,,0,,,,50,,,,,,50,50,,,,,,,,,,,,,,,,,,,,OOS,Movin,H90304774645,Matched ✅,,,13,6,2026,NA,64,BLR-DRY-MH-Sumadhura2,,,250,
13-Jun-26,0,2,H90304774646,2,,HIVPL/26-27/1131,P4609801,Zepto,HYD-DRY-MH2-KANDLAKOYA,3,100,50,50,,,,,,,,,,,,,,,,,,0,50,,,,,,,,,,,,,,,,,OOS,Movin,H90304774646,Matched ✅,,,13,6,2026,NA,16,HYD-DRY-MH2-KANDLAKOYA,,,50,
15-Jun-26,0,4,H90304776581,4,,HIVPL/26-27/1155,P4600454,Zepto,FBD-DRY-MH,17-Jun,200,0,100,,,,,,,,,,,,,,,,,,100,,,,,,,,,,,,,,,,,,NCR,Movin,H90304776581,Matched ✅,,,15,6,2026,NA,32,FBD-DRY-MH,,,100,
15-Jun-26,0,2,H90304776582,2,,HIVPL/26-27/1156,P4610123,Zepto,FBD-DRY-MH,17-Jun,100,0,,,,,,,,,,,,,,,,,,,100,,,,,,,,,,,,,,,,,,NCR,Movin,H90304776582,Matched ✅,,,15,6,2026,NA,16,FBD-DRY-MH,,,,
15-Jun-26,0,12,H90304776560,12,,HIVPL/26-27/1157,P4603513,Zepto,JJR-DRY-MH-LUHARI,17-Jun,600,50,250,,50,50,,,,,,,,,,,,50,,,100,50,50,,,,,,,,,,,,,,,,NCR,Movin,H90304776560,Matched ✅,,,15,6,2026,NA,96,JJR-DRY-MH-LUHARI,,,350,
15-Jun-26,0,4,SR-20904218637344,4,,HIVPL/26-27/1097,P4609547,Zepto,HYD-MH 3,5,200,0,100,,,,,,,,,,,,,,,,,,50,50,,,,,,,,,,,,,,,,,OOS,Shiprocket,SR-20904218637344,Matched ✅,,,15,6,2026,NA,32,HYD-MH 3,,,100,
22-Jun-26,0,6,H90304792943,6,,HIVPL/26-27/1254,P4664147,Zepto,BLR-DRY-MH-Sumadhura2,5,300,150,100,,,,,,,50,,,50,50,,,,,,,0,50,,,,,,,,,,,,,,,,,OOS,Movin,H90304792943,Matched ✅,,,22,6,2026,NA,48,BLR-DRY-MH-Sumadhura2,,,100,
22-Jun-26,0,7,H90304792945,7,,HIVPL/26-27/1255,P4687913,Zepto,BLR-DRY-MH-Sumadhura2,3,350,0,100,50,50,100,,,,,,,,,,,,,,,0,50,,,,,,,,,,,,,,,,,OOS,Movin,H90304792945,Matched ✅,,,22,6,2026,NA,56,BLR-DRY-MH-Sumadhura2,,,300,
22-Jun-26,0,5,H90304792946,5,,HIVPL/26-27/1256,P4688316,Zepto,BLR-Nelamangala-DRYMH,3,250,0,100,,,50,,,,,,,,,,,,,,,50,,50,,,,,,,,,,,,,,,,OOS,Movin,H90304792946,Matched ✅,,,22,6,2026,NA,40,BLR-Nelamangala-DRYMH,,,150,
22-Jun-26,0,1,H90304792948,1,,HIVPL/26-27/1257,P4712524,Zepto,BLR-SS-MH-SUMADHURA,0,50,50,,,,,,,,,,50,,,,,,,,,,,,,,,,,,,,,,,,,,,OOS,Movin,H90304792948,Matched ✅,,,22,6,2026,NA,8,BLR-SS-MH-SUMADHURA,,,,
22-Jun-26,0,10,H90304792949,10,,HIVPL/26-27/1258,P4689221,Zepto,Bnglr MYLP,3,500,0,150,,100,100,,,,,,,,,,,,,,,50,50,50,,,,,,,,,,,,,,,,,Movin,H90304792949,Matched ✅,,,22,6,2026,NA,80,BLR-MYLAPURA MH,,,350,
22-Jun-26,0,8,H90304792950,8,,HIVPL/26-27/1259,P4689146,Zepto,CHN-DRY-MH2-THIRUVALLUR,3,400,50,100,200,,,,,,,,,,,,50,,,,,0,50,,,,,,,,,,,,,,,,,OOS,Movin,H90304792950,Matched ✅,,,22,6,2026,NA,64,CHN-DRY-MH2-THIRUVALLUR,,,300,
22-Jun-26,0,2,H90304792919,2,,HIVPL/26-27/1260,P4663774,Zepto,FBD-DRY-MH,25-Jun,100,0,50,,,,,,,,,,,,,,,,,,0,,50,,,,,,,,,,,,,,,,NCR,Movin,H90304792919,Matched ✅,,,22,6,2026,NA,16,FBD-DRY-MH,,,50,
22-Jun-26,0,1,H90304792920,1,,HIVPL/26-27/1261,P4686496,Zepto,MUM-DRY-MH-SHAKTI,3,50,50,,,,,,,,,,,50,,,,,,,,0,,,,,,,,,,,,,,,,,,OOS,Movin,H90304792920,Matched ✅,,,22,6,2026,NA,8,MUM-DRY-MH-SHAKTI,,,,
23-Jun-26,0,2,H90304795635,2,,HIVPL/26-27/1292,P4701492,Zepto,BLR-DRY-MH-Sumadhura2,3,100,0,,,50,,,,,,,,,,,,,,,,,,50,,,,,,,,,,,,,,,,OOS,Movin,H90304795635,Matched ✅,,,23,6,2026,NA,16,BLR-DRY-MH-Sumadhura2,,,50,
24-Jun-26,0,4,H90304798405,4,,HIVPL/26-27/1303,P4701495,Zepto,HYD-DRY-MH2-KANDLAKOYA,4,250,0,50,,,,,,,,,,,,,,,,,,50,50,50,,,,,,,,,,,,,,,,OOS,Movin,H90304798405,Matched ✅,,,24,6,2026,NA,32,HYD-DRY-MH2-KANDLAKOYA,,,50,
24-Jun-26,0,13,H90304798406,13,,HIVPL/26-27/1304,P4666866,Zepto,JJR-DRY-MH-LUHARI,27-Jun,1000,200,100,100,100,250,0,,,,,0,,50,,0,,,0,,50,0,,,,,,,,,,,,,,,,,NCR,Movin,H90304798406,Matched ✅,,,24,6,2026,NA,104,JJR-DRY-MH-LUHARI,,,550,
24-Jun-26,0,3,H90304798407,3,,HIVPL/26-27/1305,P4701472,Zepto,KTPL-KOL-DRY-MH NEW,4,200,100,50,,,,,,,,50,,,,,,50,,,,,,,,,,,,,,,,,,,,,,OOS,Movin,H90304798407,Matched ✅,,,24,6,2026,NA,24,KTPL-KOL-DRY-MH NEW,,,50,
24-Jun-26,0,3,H90304798408,3,,HIVPL/26-27/1306,P4701544,Zepto,MUM-DRY-MH3,4,150,0,50,50,,,,,,,,,,,,,,,,,,50,,,,,,,,,,,,,,,,,OOS,Movin,H90304798408,Matched ✅,,,24,6,2026,NA,24,MUM-DRY-MH3,,,100,
24-Jun-26,0,3,SR-20904218789303,3,,HIVPL/26-27/1308,P4701329,Zepto,HYD-MH 3,4,150,0,50,,,,,,,,,,,,,,,,,,50,,50,,,,,,,,,,,,,,,,OOS,Shiprocket,SR-20904218789303,Matched ✅,,,24,6,2026,NA,24,HYD-MH 3,,,50,
25-Jun-26,0,3,H90304801311,3,,HIVPL/26-27/1326,P4732647,Zepto,BLR-Nelamangala-DRYMH,1,150,0,50,,,50,,,,,,,,,,,,,,,,50,,,,,,,,,,,,,,,,,OOS,Movin,H90304801311,Matched ✅,,,25,6,2026,NA,24,BLR-Nelamangala-DRYMH,,,100,
25-Jun-26,0,2,H90304801312,2,,HIVPL/26-27/1327,P4730388,Zepto,Bnglr MYLP,1,100,0,100,,,,,,,,,,,,,,,,,,,,,,,,,,,,,,,,,,,,,Movin,H90304801312,Matched ✅,,,25,6,2026,NA,16,BLR-MYLAPURA MH,,,100,
25-Jun-26,0,6,H90304801313,6,,HIVPL/26-27/1328,P4687078,Zepto,FBD-DRY-MH,29-Jun,300,0,50,,,,,,,,,,,,,,,,,,200,50,,,,,,,,,,,,,,,,,NCR,Movin,H90304801313,Matched ✅,,,25,6,2026,NA,48,FBD-DRY-MH,,,50,
26-Jun-26,0,3,H90304804246,3,,HIVPL/26-27/1351,P4743863,Zepto,BLR-DRY-MH-Sumadhura2,2,150,50,50,,,,,,,,,,50,,,,,,,,,,50,,,,,,,,,,,,,,,,OOS,Movin,H90304804246,Matched ✅,,,26,6,2026,NA,24,BLR-DRY-MH-Sumadhura2,,,50,
26-Jun-26,0,1,H90304804248,1,,HIVPL/26-27/1352,P4710841,Zepto,CHN-SS-MH-THIRUVALLUR,4,50,0,,50,,,0,0,,,,,,,,,,,,,,,,,,,,,,,,,,,,,,,OOS,Movin,H90304804248,Matched ✅,,,26,6,2026,NA,8,CHN-SS-MH-THIRUVALLUR,,,50,
26-Jun-26,0,2,H90304804250,2,,HIVPL/26-27/1353,P4744202,Zepto,MUM-DRY-MH3,2,100,0,,50,,,,,,,,,,,,,,,,,50,,,,,,,,,,,,,,,,,,OOS,Movin,H90304804250,Matched ✅,,,26,6,2026,NA,16,MUM-DRY-MH3,,,50,
26-Jun-26,0,8,H90304804251,8,,HIVPL/26-27/1222,P4666325,Zepto,MUM-DRY-MH-SHAKTI,9,400,100,,50,,100,,,,,,,50,,,,,,50,,0,50,100,,,,,,,,,,,,,,,,OOS,Movin,H90304804251,Matched ✅,,,26,6,2026,NA,64,MUM-DRY-MH-SHAKTI,,,150,
29-Jun-26,0,3,H90304809154,3,2,HIVPL/26-27/1355,P4688522,Zepto,GUR-DRY-MH-FARUKHNAGAR,01-Jul,150,0,100,,,,,,,,,,,,,,,,,,0,,50,,,,,,,,,,,,,,,,NCR,Movin,H90304809154,Matched ✅,,,29,6,2026,NA,24,GUR-DRY-MH-FARUKHNAGAR,,,100,
29-Jun-26,0,2,H90304809155,2,3,HIVPL/26-27/1356,P4701487,Zepto,GUR-DRY-MH-FARUKHNAGAR,46204,100,0,,,,0,,,,,,,,,,,,,,,,50,50,,,,,,,,,,,,,,,,NCR,Movin,H90304809155,Matched ✅,,,29,6,2026,NA,16,GUR-DRY-MH-FARUKHNAGAR,,,,
29-Jun-26,0,12,H90304809158,12,5,HIVPL/26-27/1358,P4686468,Zepto,JJR-DRY-MH-LUHARI,01-Jul,600,250,100,100,100,0,0,,,50,50,,,50,,,50,,50,,50,,,,,,,,,,,,,,,,,,NCR,Movin,H90304809158,Matched ✅,,,29,6,2026,NA,96,JJR-DRY-MH-LUHARI,,,300,
29-Jun-26,0,2,H90304809167,2,14,HIVPL/26-27/1369,P4743671,Zepto,BLR-DRY-MH-Sumadhura2,5,100,50,,,,50,,,,,,,,,,,,,50,,,,,,,,,,,,,,,,,,,,OOS,Movin,H90304809167,Matched ✅,,,29,6,2026,NA,16,BLR-DRY-MH-Sumadhura2,,,50,
29-Jun-26,0,5,H90304809168,5,15,HIVPL/26-27/1370,P4743960,Zepto,Bnglr MYLP,5,250,0,,,50,50,,,,,,,,,,,,,,,100,50,,,,,,,,,,,,,,,,,,Movin,H90304809168,Matched ✅,,,29,6,2026,NA,40,BLR-MYLAPURA MH,,,100,
29-Jun-26,0,2,H90304809169,2,16,HIVPL/26-27/1371,P4746293,Zepto,CHN-DRY-MH2-THIRUVALLUR,5,100,0,,,100,,,,,,,,,,,,,,,,,,,,,,,,,,,,,,,,,,OOS,Movin,H90304809169,Matched ✅,,,29,6,2026,NA,16,CHN-DRY-MH2-THIRUVALLUR,,,100,
29-Jun-26,0,4,H90304809170,4,17,HIVPL/26-27/1372,P4744535,Zepto,HYD-DRY-MH2-KANDLAKOYA,5,200,0,,,100,100,,,,,,,,,,,,,,,,,,,,,,,,,,,,,,,,,OOS,Movin,H90304809170,Matched ✅,,,29,6,2026,NA,32,HYD-DRY-MH2-KANDLAKOYA,,,200,
29-Jun-26,0,1,H90304809171,1,18,HIVPL/26-27/1373,P4744604,Zepto,HYD-DRY-MH2-KANDLAKOYA,5,50,0,,,,,,,,,,,,,,,,,,,,,50,,,,,,,,,,,,,,,,OOS,Movin,H90304809171,Matched ✅,,,29,6,2026,NA,8,HYD-DRY-MH2-KANDLAKOYA,,,,
30-Jun-26,0,3,SR-20904218895375,3,1,HIVPL/26-27/1379,P4743850,Zepto,AHM-DRY-MH-KHEDA,6,150,0,100,,,,,,,,,,,,,,,,,,50,,,,,,,,,,,,,,,,,,OOS,Shiprocket,SR-20904218895375,Matched ✅,,,30,6,2026,NA,24,AHM-DRY-MH-KHEDA,,,100,
30-Jun-26,0,11,H90304811716,11,2,HIVPL/26-27/1377,P4665120,Zepto,CHN-DRY-MH2-THIRUVALLUR,13-Jan,550,0,250,,150,50,,0,,,,,,,,,,,,,50,,50,,,,,,,,,,,,,,,,OOS,Movin,H90304811716,Matched ✅,,,30,6,2026,NA,88,CHN-DRY-MH2-THIRUVALLUR,,,450,
30-Jun-26,0,5,H90304811717,5,3,HIVPL/26-27/1378,P4745328,Zepto,JPR-DRY-MH-SANGANER_1,6,250,0,50,,50,50,,,,,,,,,,,,,,,100,,,,,,,,,,,,,,,,,,OOS,Movin,H90304811717,Matched ✅,,,30,6,2026,NA,40,JPR-DRY-MH-SANGANER_1,,,150,
30-Jun-26,0,6,H90304812709,6,5,HIVPL/26-27/1382,P4746353,Zepto,KTPL-KOL-DRY-MH NEW,6,300,300,,,,,,,,50,,50,50,50,,,,50,50,,,,,,,,,,,,,,,,,,,,OOS,Movin,H90304812709,Matched ✅,,,30,6,2026,NA,48,KTPL-KOL-DRY-MH NEW,,,,
30-Jun-26,0,3,H90304811719,3,6,HIVPL/26-27/1383,P4744424,Zepto,LKO-DRY-MH-SOHRAMAU,6,150,0,,,,,,,,,,,,,,,,,,,50,,100,,,,,,,,,,,,,,,,OOS,Movin,H90304811719,Matched ✅,,,30,6,2026,NA,24,LKO-DRY-MH-SOHRAMAU,,,,
01-Jul-26,0,11,H90304814464,11,1,HIVPL/26-27/1392,P4733092,Zepto,BLR-DRY-MH-Sumadhura2,7,550,200,100,,,,,,,50,50,50,,50,,,,,,,150,100,,,,,,,,,,,,,,,,,OOS,Movin,H90304814464,Matched ✅,,,1,7,2026,NA,88,BLR-DRY-MH-Sumadhura2,,,100,
01-Jul-26,0,5,H90304814463,5,2,HIVPL/26-27/1403,P4701348,Zepto,FBD-DRY-MH,46204,250,0,,,,150,,,,,,,,,,,,,,,,50,50,,,,,,,,,,,,,,,,NCR,Movin,H90304814463,Matched ✅,,,1,7,2026,NA,40,FBD-DRY-MH,,,150,
01-Jul-26,0,10,H90304814465,10,3,HIVPL/26-27/1394,P4744868,Zepto,PUN-DRY-MH2-KOREGAON,7,500,100,100,100,,100,,,,,,,100,,,,,,,,100,,,,,,,,,,,,,,,,,,OOS,Shiprocket,H90304814465,Matched ✅,,,1,7,2026,NA,80,PUN-DRY-MH2-KOREGAON,,,300,
01-Jul-26,0,7,SR-6002831892,7,4,HIVPL/26-27/1393,P4743133,Zepto,CHN-DRY-MH2-THIRUVALLUR,7,350,0,100,100,,100,,,,,,,,,,,,,,,50,,,,,,,,,,,,,,,,,,OOS,Shiprocket,SR-6002831892,Matched ✅,,,1,7,2026,NA,56,CHN-DRY-MH2-THIRUVALLUR,,,300,
02-Jul-26,0,4,H90304817060,4,9,HIVPL/26-27/1414,P4745719,Zepto,FBD-DRY-MH,46209,200,0,,,,100,,,,,,,,,,,,,,,,,100,,,,,,,,,,,,,,,,NCR,Movin,H90304817060,Matched ✅,,,2,7,2026,NA,32,FBD-DRY-MH,,,100,
02-Jul-26,0,1,H90304817061,1,10,HIVPL/26-27/1415,P4746228,Zepto,GUR-DRY-MH-FARUKHNAGAR,46209,50,0,,,,50,,,,,,,,,,,,,,,,,,,,,,,,,,,,,,,,,NCR,Movin,H90304817061,Matched ✅,,,2,7,2026,NA,8,GUR-DRY-MH-FARUKHNAGAR,,,50,
02-Jul-26,0,2,H90304817062,2,11,HIVPL/26-27/1416,P4746459,Zepto,JJR-DRY-MH-LUHARI,46211,100,50,,50,,,,,,,,,,50,,,,,,,,,,,,,,,,,,,,,,,,,NCR,Movin,H90304817062,Matched ✅,,,2,7,2026,NA,16,JJR-DRY-MH-LUHARI,,,50,
02-Jul-26,0,11,H90304817067,11,12,HIVPL/26-27/1417,P4732000,Zepto,MUM-DRY-MH-SHAKTI,8,550,250,0,100,,,,,,50,,50,50,50,,,,50,,,0,100,100,,,,,,,,,,,,,,,,OOS,Movin,H90304817067,Matched ✅,,,2,7,2026,NA,88,MUM-DRY-MH-SHAKTI,,,100,
02-Jul-26,0,1,H90304817066,1,13,HIVPL/26-27/1418,P4731834,Zepto,MUM-DRY-MH3,8,50,50,,,,,,,,,,,50,,,,,,,,0,,,,,,,,,,,,,,,,,,OOS,Movin,H90304817066,Matched ✅,,,2,7,2026,NA,8,MUM-DRY-MH3,,,,
02-Jul-26,0,4,SR-20904218932663,4,1,HIVPL/26-27/1406,P4744235,Zepto,HYD-MH 3,8,200,0,,,100,100,,,,,,,,,,,,,,,,,,,,,,,,,,,,,,,,,OOS,Shiprocket,SR-20904218932663,Matched ✅,,,2,7,2026,NA,32,HYD-MH 3,,,200,
03-Jul-26,0,1,H90304820264,1,2,HIVPL/26-27/1424,P4744263,Zepto,GUR-DRY-MH-FARUKHNAGAR,46209,50,0,50,,,,,,,,,,,,,,,,,,0,,,,,,,,,,,,,,,,,,NCR,Movin,H90304820264,Matched ✅,,,3,7,2026,NA,8,GUR-DRY-MH-FARUKHNAGAR,,,50,
03-Jul-26,0,2,H90304820260,2,17,HIVPL/26-27/1443,P4804405,Zepto,Bnglr MYLP,2,100,0,100,,,,,,,,,,,,,,,,,,,,,,,,,,,,,,,,,,,,,Movin,H90304820260,Matched ✅,,,3,7,2026,NA,16,BLR-MYLAPURA MH,,,100,
04-Jul-26,0,11,H90304822558,11,1,HIVPL/26-27/1449,P4746166,Zepto,JJR-DRY-MH-LUHARI,46211,550,100,,,150,100,,,,,,,50,,,,50,,,,150,,50,,,,,,,,,,,,,,,,NCR,Movin,H90304822558,Matched ✅,,,4,7,2026,NA,88,JJR-DRY-MH-LUHARI,,,250,
04-Jul-26,0,19,H90304822557,19,2,HIVPL/26-27/1450,P4735003,Zepto,JJR-DRY-MH-LUHARI,46211,950,400,250,100,150,,,,,,50,,200,50,,50,,50,,,0,50,,,,,,,,,,,,,,,,,NCR,Movin,H90304822557,Matched ✅,,,4,7,2026,NA,152,JJR-DRY-MH-LUHARI,,,500,
08-Jul-26,0,4,SR-94391823036063,4,2,HIVPL/26-27/1485,P4730774,Zepto,FBD-DRY-MH,46213,200,0,150,,,,,,,,,,,,,,,,,,50,,,,,,,,,,,,,,,,,,NCR,Shiprocket,SR-94391823036063,Matched ✅,,,8,7,2026,NA,32,FBD-DRY-MH,,,150,
09-Jul-26,0,5,H90304832794,5,5,HIVPL/26-27/1503,P4803717,Zepto,BLR-DRY-MH-Sumadhura2,8,250,250,,50,,,,0,,,,,,50,,0,,,,,150,,,,,,,,,,,,,,,,,,OOS,Movin,H90304832794,Matched ✅,,,9,7,2026,NA,40,BLR-DRY-MH-Sumadhura2,,,50,
09-Jul-26,0,9,SR-6000045184,9,1,HIVPL/26-27/1504,P4805171,Zepto,MUM-DRY-MH-SHAKTI,8,450,150,150,50,50,50,,,,,,,50,,,,,50,,,,50,,,,,,,,,,,,,,,,,OOS,Shiprocket,SR-6000045184,Matched ✅,,,9,7,2026,NA,72,MUM-DRY-MH-SHAKTI,,,300,
09-Jul-26,0,5,SR-6001828930,5,2,HIVPL/26-27/1505,P4803483,Zepto,CHN-DRY-MH2-THIRUVALLUR,8,250,200,,150,,,,,,,,,50,50,,,,,,,0,,,,,,,,,,,,,,,,,,OOS,Shiprocket,SR-6001828930,Matched ✅,,,9,7,2026,NA,40,CHN-DRY-MH2-THIRUVALLUR,,,150,
11-Jul-26,0,5,H90304839133,5,1,HIVPL/26-27/1517,P4802153,Zepto,FBD-DRY-MH,46217,250,350,150,,,,,,,,,,,,,,,,,,100,,,,,,,,,,,,,,,,,,NCR,Movin,H90304839133,Matched ✅,,,11,7,2026,NA,40,FBD-DRY-MH,,,150,
11-Jul-26,0,6,H90304839134,6,2,HIVPL/26-27/1518,P4815250,Zepto,JJR-DRY-MH-LUHARI,46217,300,250,150,,,,0,,,,,0,,,,0,,,50,,,100,,,,,,,,,,,,,,,,,NCR,Movin,H90304839134,Matched ✅,,,11,7,2026,NA,48,JJR-DRY-MH-LUHARI,,,150,
13-Jul-26,0,14,H90304878641,14,24,HIVPL/26-27/1550,P4869708,Zepto,BLR-DRY-MH-Sumadhura2,5,700,100,500,,0,100,,,,,,,50,,,,,50,,,,,,,,,,,,,,,,,,,,,OOS,Movin,H90304878641,Matched ✅,,,13,7,2026,NA,112,BLR-DRY-MH-Sumadhura2,,,600,
15-Jul-26,0,2,SR-20904219177954,2,1,HIVPL/26-27/1572,P4871302,Zepto,FBD-DRY-MH,46220,100,0,100,,,,,,,,,,,,,,,,,,,,,,,,,,,,,,,,,,,,NCR,Shiprocket,SR-20904219177954,Matched ✅,,,15,7,2026,NA,16,FBD-DRY-MH,,,100,
15-Jul-26,0,12,SR-6002434286,12,2,HIVPL/26-27/1573,P4869061,Zepto,JJR-DRY-MH-LUHARI,46220,600,500,300,50,,0,0,,,,,,,,,,,,,,200,50,0,,,,,,,,,,,,,,,,NCR,Shiprocket,SR-6002434286,Matched ✅,,,15,7,2026,NA,96,JJR-DRY-MH-LUHARI,,,350,
15-Jul-26,0,3,SR-6002212803,3,3,HIVPL/26-27/1574,P4867597,Zepto,BLR-Nelamangala-DRYMH,7,150,50,50,,,50,,,,,,,,,,,,,,,50,,,,,,,,,,,,,,,,,,OOS,Shiprocket,SR-6002212803,Matched ✅,,,15,7,2026,NA,24,BLR-Nelamangala-DRYMH,,,100,
15-Jul-26,0,3,SR-6004972214,3,4,HIVPL/26-27/1575,P4869631,Zepto,HYD-DRY-MH2-KANDLAKOYA,7,150,0,,,50,100,,,,,,,,,,,,,,,,,,,,,,,,,,,,,,,,,OOS,Shiprocket,SR-6004972214,Matched ✅,,,15,7,2026,NA,24,HYD-DRY-MH2-KANDLAKOYA,,,150,
15-Jul-26,0,2,SR-94391823036449,2,5,HIVPL/26-27/1576,P4871818,Zepto,MUM-DRY-MH3,7,100,50,50,,,,,,,,,,,,,,,,,,,,50,,,,,,,,,,,,,,,,OOS,Shiprocket,SR-94391823036449,Matched ✅,,,15,7,2026,NA,16,MUM-DRY-MH3,,,50,
16-Jul-26,0,7,H90304849860,7,12,HIVPL/26-27/1590,P4935777,Zepto,CHN-DRY-MH2-THIRUVALLUR,1,350,150,100,,50,50,,0,,,,50,,50,,,,,,,,,50,,,,,,,,,,,,,,,,OOS,Movin,H90304849860,Matched ✅,,,16,7,2026,NA,56,CHN-DRY-MH2-THIRUVALLUR,,,200,
16-Jul-26,0,4,H90304849531,4,13,HIVPL/26-27/1591,P4870310,Zepto,BLR-MYLAPURA MH,8,200,0,200,,,,,,,,,,,,,,,,,,,,,,,,,,,,,,,,,,,,OOS,Movin,H90304849531,Matched ✅,,,16,7,2026,NA,32,BLR-MYLAPURA MH,,,200,
16-Jul-26,0,4,H90304849551,4,14,HIVPL/26-27/1592,P4938777,Zepto,BLR-Nelamangala-DRYMH,1,200,0,150,,,50,,,,,,,,,,,,,,,,,,,,,,,,,,,,,,,,,OOS,Movin,H90304849551,Matched ✅,,,16,7,2026,NA,32,BLR-Nelamangala-DRYMH,,,200,
17-Jul-26,0,12,H90304852117,12,6,HIVPL/26-27/1603,P4938505,Zepto,BLR-DRY-MH-Sumadhura2,2,600,300,250,50,100,0,,,,,,,50,,,,,,,,,100,50,,,,,,,,,,,,,,,,OOS,Movin,H90304852117,Matched ✅,,,17,7,2026,NA,96,BLR-DRY-MH-Sumadhura2,,,400,
17-Jul-26,0,8,H90304852118,8,7,HIVPL/26-27/1604,P4938593,Zepto,BLR-MYLAPURA MH,2,400,50,100,,100,150,,,,,,,,,,,,,,,50,,,,,,,,,,,,,,,,,,OOS,Movin,H90304852118,Matched ✅,,,17,7,2026,NA,64,BLR-MYLAPURA MH,,,350,
17-Jul-26,0,3,H90304852119,3,8,HIVPL/26-27/1605,P4945028,Zepto,BLR-Nelamangala-DRYMH,2,150,50,50,,,50,,,,,,,,,,,,,,,50,,,,,,,,,,,,,,,,,,OOS,Movin,H90304852119,Matched ✅,,,17,7,2026,NA,24,BLR-Nelamangala-DRYMH,,,100,
17-Jul-26,0,2,H90304852121,2,9,HIVPL/26-27/1607,P4945109,Zepto,KTPL-KOL-DRY-MH NEW,2,100,0,100,,,,,,,,,,,,,,,,,,,,,,,,,,,,,,,,,,,,OOS,Movin,H90304852121,Matched ✅,,,17,7,2026,NA,16,KTPL-KOL-DRY-MH NEW,,,100,
18-Jul-26,0,5,H90304855323,5,5,HIVPL/26-27/1614,P4935198,Zepto,HYD-DRY-MH2-KANDLAKOYA,,250,0,,,100,150,,,,,,,,,,,,,,,,,,,,,,,,,,,,,,,,,OOS,Movin,H90304855323,Matched ✅,,,18,7,2026,NA,40,HYD-DRY-MH2-KANDLAKOYA,,,250,
18-Jul-26,0,2,H90304855322,2,6,HIVPL/26-27/1615,P4937098,Zepto,MUM-DRY-MH3,,100,50,50,,,,,,,,,,,,,,,,,,50,,,,,,,,,,,,,,,,,,OOS,Movin,H90304855322,Matched ✅,,,18,7,2026,NA,16,MUM-DRY-MH3,,,50,
18-Jul-26,0,2,H90304855321,2,7,HIVPL/26-27/1616,P4943848,Zepto,BLR-MYLAPURA MH,,100,100,,,,50,,,,,,,,,,,,,,,50,,,,,,,,,,,,,,,,,,OOS,Movin,H90304855321,Matched ✅,,,18,7,2026,NA,16,BLR-MYLAPURA MH,,,50,
18-Jul-26,0,5,H90304855308,5,8,HIVPL/26-27/1617,P4945180,Zepto,GUR-DRY-MH-FARUKHNAGAR,,250,150,150,,,,,,,,,,,,,,,,,,50,50,,,,,,,,,,,,,,,,,NCR,Movin,H90304855308,Matched ✅,,,18,7,2026,NA,40,GUR-DRY-MH-FARUKHNAGAR,,,150,
20-Jul-26,0,3,H90304857634,3,1,HIVPL/26-27/1620,P4939118,Zepto,FBD-DRY-MH,46225,150,100,50,,,,,,,,,,,,,,,,,,50,50,,,,,,,,,,,,,,,,,NCR,Movin,H90304857634,Matched ✅,,,20,7,2026,NA,24,FBD-DRY-MH,,,50,
20-Jul-26,0,21,H90304857635,21,2,HIVPL/26-27/1621,P4939343,Zepto,JJR-DRY-MH-LUHARI,46230,1050,700,150,,100,50,100,,,50,,100,50,,,100,,,100,,100,100,50,,,,,,,,,,,,,,,,NCR,Movin,H90304857635,Matched ✅,,,20,7,2026,NA,168,JJR-DRY-MH-LUHARI,,,300,100
20-Jul-26,0,6,SR-6004630639,6,1,HIVPL/26-27/1643,P4945050,Zepto,PUN-DRY-MH2-KOREGAON,4,300,150,100,50,,50,,,,,,,50,,,,,,,,50,,,,,,,,,,,,,,,,,,OOS,Shiprocket,SR-6004630639,Matched ✅,,,20,7,2026,NA,48,PUN-DRY-MH2-KOREGAON,,,200,
20-Jul-26,0,9,SR-6001224626,9,2,HIVPL/26-27/1644,P4938358,Zepto,MUM-DRY-MH-SHAKTI,4,450,400,,50,,,,,,50,50,,150,50,,,,,50,,,,50,,,,,,,,,,,,,,,,OOS,Shiprocket,SR-6001224626,Matched ✅,,,20,7,2026,NA,72,MUM-DRY-MH-SHAKTI,,,50,
22-Jul-26,0,7,H90304863584,7,8,HIVPL/26-27/1665,P4998483,Zepto,JJR-DRY-MH-LUHARI,,350,100,,50,100,,,,,,50,,,50,,,,,,,50,50,,,,,,,,,,,,,,,,,NCR,Movin,H90304863584,Matched ✅,,,22,7,2026,NA,56,JJR-DRY-MH-LUHARI,,,150,
23-Jul-26,0,4,SR-20904219311455,4,2,HIVPL/26-27/1700,P4944620,Zepto,HYD-MH 3,8,200,0,150,,,,,,,,,,,,,,,,,,50,,,,,,,,,,,,,,,,,,OOS,Shiprocket,SR-20904219311455,Matched ✅,,,23,7,2026,NA,32,HYD-MH 3,,,150,
23-Jul-26,0,10,SR-6001714022,10,3,HIVPL/26-27/1701,P4946882,Zepto,HYD-DRY-MH2-KANDLAKOYA,8,500,0,150,,50,,,,,,,,,,,,,,,,150,100,50,,,,,,,,,,,,,,,,OOS,Shiprocket,SR-6001714022,Matched ✅,,,23,7,2026,NA,80,HYD-DRY-MH2-KANDLAKOYA,,,200,
23-Jul-26,0,3,SR-6000007866,3,4,HIVPL/26-27/1702,P5026247,Zepto,HYD-DRY-MH2-KANDLAKOYA,0,150,0,150,,,,,,,,,,,,,,,,,,,,,,,,,,,,,,,,,,,,OOS,Shiprocket,SR-6000007866,Matched ✅,,,23,7,2026,NA,24,HYD-DRY-MH2-KANDLAKOYA,,,150,
23-Jul-26,0,4,SR-6001762545,4,5,HIVPL/26-27/1703,P5029090,Zepto,BLR-Nelamangala-DRYMH,0,200,0,150,,,,,,,,,,,,,,,,,,,50,,,,,,,,,,,,,,,,,OOS,Shiprocket,SR-6001762545,Matched ✅,,,23,7,2026,NA,32,BLR-Nelamangala-DRYMH,,,150,
23-Jul-26,0,6,SR-6004740201,6,6,HIVPL/26-27/1704,P5030014,Zepto,BLR-MYLAPURA MH,0,300,0,200,,,100,,,,,,,,,,,,,,,,,,,,,,,,,,,,,,,,,OOS,Shiprocket,SR-6004740201,Matched ✅,,,23,7,2026,NA,48,BLR-MYLAPURA MH,,,300,
23-Jul-26,0,2,SR-94391823036907,2,7,HIVPL/26-27/1705,P5032836,Zepto,GUR-DRY-MH-FARUKHNAGAR,,100,0,100,,,,,,,,,,,,,,,,,,,,,,,,,,,,,,,,,,,,NCR,Shiprocket,SR-94391823036907,Matched ✅,,,23,7,2026,NA,16,GUR-DRY-MH-FARUKHNAGAR,,,100,
24-Jul-26,0,4,H90304870228,4,10,HIVPL/26-27/1716,P4996997,Zepto,BLR-DRY-MH-Sumadhura2,4,200,50,,50,,50,,,,,,,,,,,,,50,,,,50,,,,,,,,,,,,,,,,OOS,Movin,H90304870228,Matched ✅,,,24,7,2026,NA,,BLR-DRY-MH-Sumadhura2,,,100,
24-Jul-26,0,2,SR-20904219329622,2,1,HIVPL/26-27/1715,P4996679,Zepto,HYD-MH 3,4,100,0,50,,,,,,,,,,,,,,,,,,50,,,,,,,,,,,,,,,,,,OOS,Shiprocket,SR-20904219329622,Matched ✅,,,24,7,2026,NA,16,HYD-MH 3,,,50,
24-Jul-26,0,2,SR-20904219329003,2,3,HIVPL/26-27/1717,P5025007,Zepto,HYD-MH 3,1,100,0,50,,0,50,,,,,,,,,,,,,,,,,,,,,,,,,,,,,,,,,OOS,Shiprocket,SR-20904219329003,Matched ✅,,,24,7,2026,NA,16,HYD-MH 3,,,100,
25-Jul-26,0,5,SR-6000373523,5,4,HIVPL/26-27/1741,P5029606,Zepto,MUM-DRY-MH-SHAKTI,2,250,200,50,,,0,,,,50,50,,50,50,,,,,,,,,0,,,,,,,,,,,,,,,,OOS,Shiprocket,SR-6000373523,Matched ✅,,,25,7,2026,NA,40,MUM-DRY-MH-SHAKTI,,,50,
25-Jul-26,0,6,SR-6003578396,6,5,HIVPL/26-27/1724,P4997479,Zepto,CHN-DRY-MH2-THIRUVALLUR,5,300,0,50,50,50,50,,0,,,,,,,,,,,,,100,0,,,,,,,,,,,,,,,,,OOS,Shiprocket,SR-6003578396,Matched ✅,,,25,7,2026,NA,48,CHN-DRY-MH2-THIRUVALLUR,,,200,
25-Jul-26,0,2,H90304871563,2,21,HIVPL/26-27/1740,P4995070,Zepto,JPR-DRY-MH-SANGANER_1,5,100,0,50,,,,,,,,,,,,,,,,,,50,,,,,,,,,,,,,,,,,,OOS,Movin,H90304871563,Matched ✅,,,25,7,2026,NA,16,JPR-DRY-MH-SANGANER_1,,,50,
27-Jul-26,0,4,SR-6001894512,4,1,HIVPL/26-27/1761,P4998865,Zepto,MUM-DRY-MH3,7,200,50,,100,,,,,,,,,50,,,,,,,,50,,,,,,,,,,,,,,,,,,OOS,Shiprocket,SR-6001894512,Matched ✅,,,27,7,2026,NA,32,MUM-DRY-MH3,,,100,
27-Jul-26,0,1,SR-94391823037090,1,2,HIVPL/26-27/1762,P5026399,Zepto,PUN-DRY-MH2-KOREGAON,4,50,50,,,,,,,,,,,50,,,,,,,,,,,,,,,,,,,,,,,,,,OOS,Shiprocket,SR-94391823037090,Matched ✅,,,27,7,2026,NA,8,PUN-DRY-MH2-KOREGAON,,,,
28-Jul-26,0,4,SR-6000517681,4,1,HIVPL/26-27/1778,P4995369,Zepto,PUN-DRY-MH2-KOREGAON,8,200,0,100,50,,0,,,,,,,,,,,,,,,50,,,,,,,,,,,,,,,,,,OOS,Shiprocket,SR-6000517681,Matched ✅,,,28,7,2026,NA,32,PUN-DRY-MH2-KOREGAON,,,150,
28-Jul-26,0,4,SR-6000890120,4,2,HIVPL/26-27/1779,P4998596,Zepto,MUM-DRY-MH-SHAKTI,8,200,0,,50,0,,,,,,,,,,,,,,,,50,,100,,,,,,,,,,,,,,,,OOS,Shiprocket,SR-6000890120,Matched ✅,,,28,7,2026,NA,32,MUM-DRY-MH-SHAKTI,,,50,
28-Jul-26,0,7,SR-20894546318553,7,3,HIVPL/26-27/1780,P5026424,Zepto,CHN-DRY-MH2-THIRUVALLUR,5,350,50,150,100,0,0,0,0,,,,,50,,,,,,,,50,,,,,,,,,,,,,,,,,,OOS,Shiprocket,SR-20894546318553,Matched ✅,,,28,7,2026,NA,56,CHN-DRY-MH2-THIRUVALLUR,,,250,
28-Jul-26,0,4,H90304875969,4,6,HIVPL/26-27/1770,P4998090,Zepto,BLR-MYLAPURA MH,8,200,0,100,,0,,,,,,,,,,,,,,,,50,50,,,,,,,,,,,,,,,,,OOS,Movin,H90304875969,Matched ✅,,,28,7,2026,NA,32,BLR-MYLAPURA MH,,,100,
29-Jul-26,0,10,H90304878720,10,13,HIVPL/26-27/1794,P5085236,Zepto,BLR-MYLAPURA MH,0,500,0,400,,,,,,,,,,,,,,,,,,50,50,,,,,,,,,,,,,,,,,OOS,Movin,H90304878720,Matched ✅,,,29,7,2026,NA,80,BLR-MYLAPURA MH,,,400,
30-Jul-26,0,16,H90304881282,16,12,HIVPL/26-27/1810,P5030386,Zepto,BLR-DRY-MH-Sumadhura2,7,800,50,450,,50,100,,,,,,50,,,,,,,,,50,100,,,,,,,,,,,,,,,,,OOS,Movin,H90304881282,Matched ✅,,,30,7,2026,NA,128,BLR-DRY-MH-Sumadhura2,,,600,
30-Jul-26,0,5,SR-6004739196,5,1,HIVPL/26-27/1819,P5100437,Zepto,KTPL-KOL-DRY-MH NEW,1,250,150,100,,,,,,,,50,50,,50,,,,,,,,,,,,,,,,,,,,,,,,,OOS,Shiprocket,SR-6004739196,Matched ✅,,,30,7,2026,NA,40,KTPL-KOL-DRY-MH NEW,,,100,
30-Jul-26,0,19,SR-6003721387,19,2,HIVPL/26-27/1820,P5031948,Zepto,JJR-DRY-MH-LUHARI,46237,950,150,400,100,0,50,,,,,,,50,,,,50,50,,,150,50,50,,,,,,,,,,,,,,,,NCR,Shiprocket,SR-6003721387,Matched ✅,,,30,7,2026,NA,152,JJR-DRY-MH-LUHARI,,,550,
30-Jul-26,0,6,SR-94391823037358,6,3,HIVPL/26-27/1821,P5033188,Zepto,FBD-DRY-MH,46238,300,0,150,,,,,,,,,,,,,,,,,,150,,,,,,,,,,,,,,,,,,NCR,Shiprocket,SR-94391823037358,Matched ✅,,,30,7,2026,NA,48,FBD-DRY-MH,,,150,
31-Jul-26,0,11,SR-94391823037412,11,1,HIVPL/26-27/1863,P5086392,Zepto,FBD-DRY-MH,,550,0,250,,,,,,,,,,,,,,,,,,150,100,50,,,,,,,,,,,,,,,,NCR,Shiprocket,SR-94391823037412,Matched ✅,,,31,7,2026,NA,88,FBD-DRY-MH,,,250,
31-Jul-26,0,3,SR-94391823037413,3,2,HIVPL/26-27/1864,P5087432,Zepto,GUR-DRY-MH-FARUKHNAGAR,,150,0,50,,,,,,,,,,,,,,,,,,100,,,,,,,,,,,,,,,,,,NCR,Shiprocket,SR-94391823037413,Matched ✅,,,31,7,2026,NA,24,GUR-DRY-MH-FARUKHNAGAR,,,50,
31-Jul-26,0,2,SR-94391823037419,2,6,HIVPL/26-27/1868,P5088516,Zepto,HYD-DRY-MH2-KANDLAKOYA,1,100,0,,,,,,,,,,,,,,,,,,,,100,,,,,,,,,,,,,,,,,OOS,Shiprocket,SR-94391823037419,Matched ✅,,,31,7,2026,NA,16,HYD-DRY-MH2-KANDLAKOYA,,,,
31-Jul-26,0,4,SR-6002687245,4,7,HIVPL/26-27/1869,P5088949,Zepto,KTPL-KOL-DRY-MH NEW,1,200,200,,,,,,,,50,,,50,,,,,50,50,,,,,,,,,,,,,,,,,,,,OOS,Shiprocket,SR-6002687245,Matched ✅,,,31,7,2026,NA,32,KTPL-KOL-DRY-MH NEW,,,,
01-Aug-26,0,3,SR-94391823037545,3,1,HIVPL/26-27/1882,P5086149,Zepto,CHN-DRY-MH2-THIRUVALLUR,3,150,50,,50,,,,,,,,,50,,,,,,,,50,,,,,,,,,,,,,,,,,,OOS,Shiprocket,SR-94391823037545,Matched ✅,,,1,8,2026,NA,24,CHN-DRY-MH2-THIRUVALLUR,,,50,
01-Aug-26,0,6,SR-6004329944,6,2,HIVPL/26-27/1883,P5089291,Zepto,MUM-DRY-MH-SHAKTI,3,300,100,100,50,50,,,,,,,50,,,,,,50,,,,,,,,,,,,,,,,,,,,,OOS,Shiprocket,SR-6004329944,Matched ✅,,,1,8,2026,NA,48,MUM-DRY-MH-SHAKTI,,,200,
03-Aug-26,0,3,SR-6004120266,3,1,HIVPL/26-27/1905,P5099320,Zepto,JPR-DRY-MH-SANGANER_1,4,150,0,,,50,50,,,,,,,,,,,,,,,50,,,,,,,,,,,,,,,,,,OOS,Shiprocket,SR-6004120266,Matched ✅,,,3,8,2026,NA,24,JPR-DRY-MH-SANGANER_1,,,100,
03-Aug-26,0,2,SR-20904219507094,2,2,HIVPL/26-27/1906,P5100745,Zepto,BLR-Nelamangala-DRYMH,4,100,0,,,,50,,,,,,,,,,,,,,,50,,,,,,,,,,,,,,,,,,OOS,Shiprocket,SR-20904219507094,Matched ✅,,,3,8,2026,NA,16,BLR-Nelamangala-DRYMH,,,50,
03-Aug-26,0,2,SR-94391823037630,2,3,HIVPL/26-27/1907,P5100225,Zepto,BLR-MYLAPURA MH,4,100,0,,,100,,,,,,,,,,,,,,,,,,,,,,,,,,,,,,,,,,OOS,Shiprocket,SR-94391823037630,Matched ✅,,,3,8,2026,NA,16,BLR-MYLAPURA MH,,,100,
03-Aug-26,0,2,SR-94391823037631,2,4,HIVPL/26-27/1908,P5087353,Zepto,HYD-MH 3,4,100,0,,,50,50,,,,,,,,,,,,,,,,,,,,,,,,,,,,,,,,,OOS,Shiprocket,SR-94391823037631,Matched ✅,,,3,8,2026,NA,16,HYD-MH 3,,,100,
04-Aug-26,0,4,SR-6001914807,4,3,HIVPL/26-27/1919,P5100632,Zepto,HYD-DRY-MH2-KANDLAKOYA,6,200,0,100,,,,,,,,,,,,,,,,,,0,50,50,,,,,,,,,,,,,,,,OOS,Shiprocket,SR-6001914807,Matched ✅,,,4,8,2026,NA,32,HYD-DRY-MH2-KANDLAKOYA,,,100,
04-Aug-26,0,3,SR-6003334052,3,4,HIVPL/26-27/1920,P5088831,Zepto,MUM-DRY-MH3,6,150,50,50,,,,,,,,,,50,,,,,,,,0,,50,,,,,,,,,,,,,,,,OOS,Shiprocket,SR-6003334052,Matched ✅,,,4,8,2026,NA,24,MUM-DRY-MH3,,,50,
05-Aug-26,0,3,SR-94391823037871,3,1,HIVPL/26-27/1936,P5099590,Zepto,GUR-DRY-MH-FARUKHNAGAR,46244,150,0,,,,,,,,,,,,,,,,,,,150,,,,,,,,,,,,,,,,,,NCR,Shiprocket,SR-94391823037871,Matched ✅,,,5,8,2026,NA,24,GUR-DRY-MH-FARUKHNAGAR,,,,
05-Aug-26,0,1,SR-94391823037872,1,2,HIVPL/26-27/1937,P5100391,Zepto,JJR-DRY-MH-LUHARI,46241,50,0,,50,,,0,,,,,,,,,,,,,,,,,,,,,,,,,,,,,,,,NCR,Shiprocket,SR-94391823037872,Matched ✅,,,5,8,2026,NA,8,JJR-DRY-MH-LUHARI,,,50,
06-Aug-26,0,2,SR-94391823038001,2,1,HIVPL/26-27/1950,P5166244,Zepto,AHM-DRY-MH-KHEDA,1,100,0,100,,,,,,,,,,,,,,,,,,,,,,,,,,,,,,,,,,,,OOS,Shiprocket,SR-94391823038001,Matched ✅,,,6,8,2026,NA,16,AHM-DRY-MH-KHEDA,,,100,
07-Aug-26,0,11,H90304900921,11,3,HIVPL/26-27/1986,P5090314,Zepto,BLR-DRY-MH-Sumadhura2,9,550,150,200,,,0,,0,,50,,,,50,,0,,,,,150,50,50,,,,,,,,,,,,,,,,OOS,Movin,H90304900921,Matched ✅,,,7,8,2026,NA,88,BLR-DRY-MH-Sumadhura2,,,200,
07-Aug-26,0,8,SR-6001875931,8,1,HIVPL/26-27/1985,P5158359,Zepto,MUM-DRY-MH-SHAKTI,2,400,200,100,0,,0,,,,,,,100,50,,,,,50,,,,100,,,,,,,,,,,,,,,,OOS,Shiprocket,SR-6001875931,Matched ✅,,,7,8,2026,NA,64,MUM-DRY-MH-SHAKTI,,,100,
10-Aug-26,0,17,SR-6001162824,17,1,HIVPL/26-27/2060,P5087905,Zepto,JJR-DRY-MH-LUHARI,46242,850,200,200,,150,150,0,,,,50,,50,50,,,,,50,,100,,50,,,,,,,,,,,,,,,,NCR,Shiprocket,SR-6001162824,Matched ✅,,,10,8,2026,NA,136,JJR-DRY-MH-LUHARI,,,500,
12-Aug-26,0,4,H90304911045,4,5,HIVPL/26-27/2086,P5155350,Zepto,BLR-MYLAPURA MH,7,200,0,,,50,,,,,,,,,,,,,,,,100,,50,,,,,,,,,,,,,,,,OOS,Movin,H90304911045,Matched ✅,,,12,8,2026,NA,32,BLR-MYLAPURA MH,,,50,
12-Aug-26,0,6,SR-6004863918,6,1,HIVPL/26-27/2095,P5156651,Zepto,CHN-DRY-MH2-THIRUVALLUR,7,300,0,100,100,,50,,,,,,,,,,,,,,,,50,,,,,,,,,,,,,,,,,OOS,Shiprocket,SR-6004863918,Matched ✅,,,12,8,2026,NA,48,CHN-DRY-MH2-THIRUVALLUR,,,250,
12-Aug-26,0,3,SR-6001995257,3,2,HIVPL/26-27/2096,P5159138,Zepto,MUM-DRY-MH3,7,150,0,50,50,,,,,,,,,,,,,,,,,50,,,,,,,,,,,,,,,,,,OOS,Shiprocket,SR-6001995257,Matched ✅,,,12,8,2026,NA,24,MUM-DRY-MH3,,,100,
12-Aug-26,0,6,SR-94391823038590,6,3,HIVPL/26-27/2097,P5121659,Zepto,KTPL-PAT-DRY-MH-RAJPURA_3,12,300,0,100,,50,50,,,,,,,,,,,,,,,100,,,,,,,,,,,,,,,,,,OOS,Shiprocket,SR-94391823038590,Matched ✅,,,12,8,2026,NA,48,KTPL-PAT-DRY-MH-RAJPURA_3,,,200,
12-Aug-26,0,6,SR-6000088524,6,4,HIVPL/26-27/2098,P5164395,Zepto,KIRA-Pudur_Hyd_MH_Dry,7,300,0,100,,,50,,,,,,,,,,,,,,,100,50,,,,,,,,,,,,,,,,,OOS,Shiprocket,SR-6000088524,Matched ✅,,,12,8,2026,NA,48,KIRA-Pudur_Hyd_MH_Dry,,,150,
